id,average_length(inches)),average_weight(inches)),habitat,ph_of_water,Gender,life_span,weight_length_ratio,age_group
1,14.69,5.87,0,6.2,1,10.9,0.3995915588835943,2
2,1.32,3.86,1,6.8,0,5.2,2.924242424242424,1
3,14.23,12.09,2,7.9,0,25.3,0.8496134926212228,4
4,2.54,3.2,3,6.7,1,16.4,1.2598425196850394,3
5,13.1,9.81,2,7.8,0,3.2,0.7488549618320611,0
6,15.2,8.99,2,7.8,1,21.6,0.5914473684210527,4
7,16.17,5.08,0,6.3,1,10.9,0.3141620284477427,2
8,13.74,13.01,3,6.7,1,23.1,0.9468704512372634,4
9,13.21,5.22,2,7.6,1,5.4,0.3951551854655563,1
10,19.04,15.54,3,6.7,0,8.6,0.8161764705882353,1
11,19.92,3.93,0,7.2,1,21.7,0.197289156626506,4
12,1.1,8.79,3,6.1,0,13.4,7.990909090909089,2
13,10.83,13.0,3,7.6,0,6.6,1.2003693444136658,1
14,5.97,11.1,0,6.4,1,26.6,1.8592964824120604,4
15,18.94,11.98,4,6.3,1,3.6,0.6325237592397043,0
16,7.62,11.7,2,7.9,1,13.3,1.5354330708661417,2
17,18.41,16.52,1,6.7,1,10.1,0.8973384030418251,2
18,9.1,16.99,4,6.6,0,13.7,1.8670329670329668,2
19,15.02,11.8,2,7.3,1,12.2,0.7856191744340879,2
20,17.69,8.49,0,6.8,1,24.1,0.4799321650650084,4
21,16.37,13.29,2,7.1,0,12.5,0.8118509468540012,2
22,4.7,4.5,1,7.8,0,27.7,0.9574468085106382,4
23,18.37,15.16,2,6.3,0,22.4,0.8252585737615677,4
24,2.79,16.68,4,8.0,0,16.1,5.978494623655914,3
25,19.87,18.59,2,7.6,0,10.0,0.9355812783090084,2
26,13.93,10.21,3,7.1,0,15.4,0.7329504666188084,3
27,19.72,10.48,3,7.8,1,10.6,0.5314401622718053,2
28,2.56,10.26,4,7.7,0,7.7,4.0078125,1
29,3.97,9.04,4,7.7,0,26.1,2.277078085642317,4
30,16.92,2.91,0,6.3,0,8.8,0.1719858156028368,1
31,9.51,3.57,4,6.7,1,19.4,0.3753943217665615,3
32,5.73,16.68,4,6.3,0,24.2,2.910994764397905,4
33,7.16,12.51,3,7.8,0,4.4,1.7472067039106145,0
34,17.0,6.27,1,7.5,1,27.0,0.3688235294117646,4
35,18.3,13.69,4,6.5,1,25.0,0.7480874316939891,4
36,6.06,14.69,3,7.4,1,1.8,2.424092409240924,0
37,17.72,16.49,0,7.1,0,24.6,0.93058690744921,4
38,19.46,3.19,3,6.6,1,27.0,0.1639260020554984,4
39,1.01,18.29,2,6.3,0,17.8,18.108910891089103,3
40,2.18,3.97,0,7.4,0,4.9,1.8211009174311923,0
41,7.3,9.88,0,7.9,0,27.7,1.3534246575342468,4
42,15.48,18.24,2,6.5,0,1.9,1.1782945736434107,0
43,7.85,11.57,1,7.8,0,6.2,1.4738853503184717,1
44,10.96,10.01,3,7.5,0,1.7,0.9133211678832116,0
45,3.61,8.63,4,7.8,0,22.9,2.390581717451524,4
46,10.28,5.23,3,7.1,1,24.6,0.5087548638132297,4
47,11.54,8.15,2,7.0,0,13.8,0.7062391681109186,2
48,1.64,15.99,2,7.5,1,20.8,9.75,4
49,6.6,8.78,0,6.7,0,12.8,1.3303030303030303,2
50,11.54,11.67,2,8.0,1,19.4,1.0112651646447142,3
51,2.6,8.97,2,6.1,0,21.2,3.45,4
52,7.86,7.75,4,6.2,1,7.9,0.986005089058524,1
53,2.93,12.07,4,7.8,1,13.2,4.119453924914676,2
54,17.67,12.24,4,7.6,0,16.0,0.6926994906621392,3
55,10.89,17.22,4,7.0,0,17.2,1.5812672176308538,3
56,16.96,8.97,1,7.5,0,8.2,0.5288915094339622,1
57,10.96,13.29,4,7.1,0,26.5,1.2125912408759123,4
58,8.91,7.82,1,6.8,0,7.2,0.877665544332211,1
59,18.68,10.36,2,7.8,1,11.4,0.5546038543897216,2
60,11.61,15.09,3,6.7,0,21.2,1.2997416020671837,4
61,2.48,15.23,1,6.5,0,21.5,6.141129032258065,4
62,7.95,8.7,0,7.5,0,20.1,1.0943396226415094,4
63,18.19,5.84,0,6.3,1,25.9,0.3210555250137438,4
64,19.38,11.89,0,6.5,0,11.6,0.6135190918472653,2
65,4.53,7.99,0,7.0,1,15.1,1.7637969094922736,3
66,13.25,18.9,0,6.9,0,15.6,1.4264150943396223,3
67,10.23,16.19,4,6.3,1,2.5,1.5826001955034217,0
68,6.96,9.46,3,6.6,0,18.1,1.3591954022988506,3
69,16.47,12.64,4,7.9,1,14.4,0.7674559805707347,2
70,4.46,3.06,2,6.9,0,21.3,0.6860986547085202,4
71,4.56,9.53,4,7.0,1,19.8,2.0899122807017543,3
72,12.25,17.13,4,6.0,1,2.8,1.3983673469387754,0
73,8.17,12.0,3,7.9,0,18.7,1.4687882496940026,3
74,14.05,17.34,3,6.8,1,11.6,1.2341637010676156,2
75,15.29,6.93,0,6.4,1,17.5,0.4532374100719424,3
76,13.04,15.51,1,7.2,0,26.6,1.1894171779141105,4
77,14.62,6.76,2,7.8,0,3.1,0.4623803009575923,0
78,13.43,9.19,0,6.5,0,18.4,0.684288905435592,3
79,9.32,5.94,4,6.9,1,16.2,0.6373390557939914,3
80,9.29,14.39,1,6.4,1,16.4,1.5489773950484391,3
81,12.82,4.64,0,7.6,1,10.4,0.3619344773790951,2
82,18.88,10.85,3,6.7,0,1.2,0.5746822033898306,0
83,12.79,6.38,4,7.7,1,19.1,0.4988272087568413,3
84,3.38,15.76,4,7.6,1,2.2,4.662721893491124,0
85,2.97,11.32,1,7.9,0,25.8,3.8114478114478114,4
86,10.21,6.14,2,7.3,1,24.1,0.6013712047012731,4
87,10.95,10.1,3,7.1,0,25.6,0.9223744292237444,4
88,2.64,6.22,0,7.7,1,25.9,2.356060606060606,4
89,6.32,10.15,2,7.3,1,18.5,1.606012658227848,3
90,1.11,13.61,1,6.8,1,5.5,12.26126126126126,1
91,1.24,17.02,4,7.2,1,9.4,13.725806451612902,1
92,10.91,8.94,3,6.6,0,21.7,0.8194317140238313,4
93,14.42,10.69,0,7.8,0,11.4,0.7413314840499307,2
94,13.68,3.48,4,7.5,0,22.8,0.2543859649122807,4
95,7.17,2.19,4,6.3,1,14.6,0.3054393305439331,2
96,10.7,2.84,0,7.7,0,2.8,0.2654205607476635,0
97,8.38,9.06,4,7.9,1,24.5,1.081145584725537,4
98,3.0,2.78,2,6.8,1,9.9,0.9266666666666666,1
99,10.83,8.2,3,7.8,0,27.2,0.7571560480147737,4
100,4.43,3.89,3,6.6,0,12.9,0.8781038374717833,2
101,7.66,15.9,1,6.6,1,9.8,2.0757180156657964,1
102,6.01,6.09,0,7.3,1,12.3,1.0133111480865225,2
103,5.4,9.31,4,6.7,1,4.9,1.724074074074074,0
104,12.69,12.82,0,7.3,1,21.4,1.0102442868400316,4
105,13.56,11.39,4,6.8,1,8.4,0.8399705014749262,1
106,15.42,13.9,2,7.1,1,5.8,0.9014267185473412,1
107,10.3,3.6,2,6.5,0,8.6,0.3495145631067961,1
108,11.42,8.98,3,7.6,0,10.1,0.7863397548161122,2
109,5.93,6.65,4,6.5,0,10.7,1.12141652613828,2
110,6.84,15.89,2,6.5,0,18.3,2.3230994152046787,3
111,17.79,18.24,4,6.3,1,22.6,1.0252951096121417,4
112,9.88,15.54,3,6.4,0,11.7,1.5728744939271253,2
113,14.08,17.34,1,7.9,0,7.3,1.2315340909090908,1
114,6.37,3.63,0,7.1,0,5.2,0.5698587127158555,1
115,5.44,3.71,1,7.5,1,8.3,0.681985294117647,1
116,4.3,7.57,0,6.4,0,24.0,1.76046511627907,4
117,15.76,15.6,2,6.4,1,3.2,0.9898477157360406,0
118,11.39,13.56,1,7.2,1,18.0,1.1905179982440737,3
119,3.85,5.3,4,7.4,0,7.0,1.3766233766233766,1
120,11.3,3.82,2,6.8,1,3.8,0.3380530973451327,0
121,2.94,2.37,2,6.3,0,6.8,0.8061224489795918,1
122,12.22,16.04,2,6.4,1,8.5,1.3126022913256954,1
123,8.32,15.88,1,6.1,1,26.1,1.9086538461538465,4
124,18.91,7.38,3,7.4,1,10.6,0.390269698572184,2
125,16.25,2.79,0,7.1,0,18.8,0.1716923076923077,3
126,13.82,15.55,2,7.5,1,12.7,1.125180897250362,2
127,5.12,4.04,1,7.6,1,3.0,0.7890625,0
128,5.04,6.73,4,7.6,1,27.2,1.3353174603174605,4
129,19.56,8.12,3,6.4,1,1.8,0.4151329243353783,0
130,9.28,2.99,3,6.3,0,17.4,0.322198275862069,3
131,16.43,8.02,2,6.9,0,11.0,0.4881314668289713,2
132,13.97,9.2,1,6.2,1,8.3,0.658554044380816,1
133,11.19,3.52,2,7.1,0,2.4,0.3145665773011618,0
134,12.99,9.61,2,6.8,0,6.4,0.7397998460354118,1
135,1.41,7.07,0,7.3,0,26.3,5.014184397163121,4
136,15.4,8.39,0,7.4,0,16.9,0.5448051948051948,3
137,1.88,13.08,4,7.4,0,14.9,6.957446808510639,2
138,3.01,12.28,1,7.8,1,26.1,4.079734219269103,4
139,16.87,9.76,0,6.1,1,15.0,0.5785417901600474,3
140,6.82,18.05,1,6.8,0,16.4,2.646627565982405,3
141,11.76,6.98,2,6.5,0,1.3,0.5935374149659864,0
142,2.06,6.99,3,7.5,1,14.7,3.3932038834951457,2
143,3.84,14.7,2,7.4,1,4.2,3.828125,0
144,7.72,16.67,3,7.8,0,27.8,2.1593264248704664,4
145,12.29,9.68,0,7.1,1,26.2,0.7876322213181448,4
146,6.19,3.64,0,6.0,1,4.1,0.5880452342487884,0
147,4.49,4.54,2,6.4,0,15.3,1.0111358574610243,3
148,19.19,4.34,4,7.2,0,16.7,0.2261594580510682,3
149,13.33,5.12,3,7.8,0,12.8,0.3840960240060015,2
150,9.57,16.07,3,6.7,0,20.2,1.6792058516196446,4
151,6.61,11.51,4,7.9,0,13.8,1.7413010590015128,2
152,10.81,7.21,0,7.4,0,22.0,0.6669750231267345,4
153,9.1,10.47,1,7.3,0,23.8,1.150549450549451,4
154,14.77,11.87,1,6.4,0,21.6,0.8036560595802301,4
155,11.32,2.24,3,6.3,0,14.2,0.1978798586572438,2
156,8.39,5.8,1,7.1,0,2.8,0.6912991656734206,0
157,18.28,9.49,2,7.1,0,27.5,0.5191466083150984,4
158,3.71,3.36,0,6.1,1,26.3,0.9056603773584906,4
159,16.01,4.24,1,7.3,1,18.0,0.2648344784509681,3
160,12.19,13.74,1,6.2,1,21.2,1.1271534044298606,4
161,19.82,15.96,2,7.3,0,17.1,0.805247225025227,3
162,19.95,10.67,4,7.8,0,4.8,0.5348370927318296,0
163,6.18,10.32,1,7.2,0,13.7,1.6699029126213594,2
164,10.36,2.08,2,7.6,1,22.6,0.2007722007722008,4
165,17.52,9.68,0,7.0,1,17.9,0.5525114155251142,3
166,6.78,13.87,4,6.0,0,24.3,2.0457227138643064,4
167,7.18,6.65,0,6.1,0,26.5,0.9261838440111422,4
168,4.67,3.61,1,6.2,0,12.3,0.7730192719486081,2
169,18.26,17.97,3,7.6,0,10.1,0.9841182913472069,2
170,14.36,4.5,2,7.1,1,27.4,0.3133704735376044,4
171,16.78,5.34,4,7.9,0,12.5,0.3182359952324195,2
172,3.24,15.09,0,6.9,0,7.0,4.657407407407407,1
173,19.14,11.76,0,6.6,0,25.0,0.6144200626959248,4
174,11.97,4.48,4,7.5,1,13.8,0.3742690058479532,2
175,18.48,15.48,0,7.5,1,18.6,0.8376623376623377,3
176,6.55,9.78,4,7.3,1,10.2,1.4931297709923663,2
177,7.14,15.24,4,7.9,1,10.1,2.134453781512605,2
178,10.22,6.25,3,7.3,0,28.0,0.611545988258317,4
179,17.73,14.09,2,7.9,1,6.5,0.7946982515510435,1
180,3.55,5.96,3,6.5,0,3.1,1.6788732394366197,0
181,1.15,4.16,4,6.5,0,26.7,3.6173913043478265,4
182,6.11,7.41,2,7.7,1,27.6,1.2127659574468084,4
183,18.24,18.92,2,6.7,0,16.8,1.037280701754386,3
184,11.77,12.75,4,7.3,1,12.6,1.0832625318606628,2
185,4.38,16.95,0,6.7,0,9.9,3.8698630136986303,1
186,19.94,2.59,2,7.8,0,1.4,0.129889669007021,0
187,13.69,3.84,1,6.9,0,12.0,0.2804967129291453,2
188,2.79,10.4,2,6.0,1,15.9,3.727598566308244,3
189,14.27,10.2,4,6.0,0,21.6,0.7147862648913805,4
190,10.35,17.53,4,7.3,0,14.3,1.6937198067632853,2
191,11.11,9.51,3,6.9,1,2.0,0.855985598559856,0
192,18.84,3.8,3,7.8,0,25.0,0.2016985138004246,4
193,16.48,8.96,0,7.0,0,5.8,0.5436893203883496,1
194,4.06,6.37,0,7.9,0,19.5,1.5689655172413794,3
195,5.61,15.95,3,6.6,0,1.2,2.8431372549019605,0
196,15.75,16.82,4,6.7,1,23.6,1.067936507936508,4
197,3.82,2.31,4,6.9,0,20.5,0.6047120418848168,4
198,12.86,15.03,0,7.8,0,10.9,1.1687402799377915,2
199,6.14,4.17,0,7.7,1,14.1,0.6791530944625407,2
200,18.81,15.92,2,6.5,1,13.8,0.8463583200425306,2
201,8.08,13.4,4,7.7,0,11.7,1.6584158415841583,2
202,14.78,11.08,3,6.3,0,23.6,0.749661705006766,4
203,16.26,13.14,1,6.5,1,25.3,0.8081180811808117,4
204,18.24,4.44,3,7.0,1,21.6,0.2434210526315789,4
205,2.21,10.54,3,6.5,1,19.3,4.769230769230769,3
206,2.92,17.5,1,6.9,0,6.2,5.993150684931507,1
207,2.08,9.07,4,7.1,1,26.0,4.360576923076923,4
208,2.5,17.46,0,7.4,1,17.1,6.984,3
209,14.71,18.79,3,7.8,1,7.6,1.2773623385452073,1
210,6.5,17.26,4,7.9,0,13.1,2.6553846153846155,2
211,5.03,17.14,2,6.3,1,18.4,3.4075546719681906,3
212,2.83,12.48,4,7.6,0,15.8,4.409893992932862,3
213,10.92,6.95,1,7.6,0,12.7,0.6364468864468865,2
214,2.0,2.45,2,7.3,0,20.9,1.225,4
215,6.26,9.07,0,7.0,0,6.5,1.4488817891373802,1
216,13.9,2.56,4,6.9,0,10.6,0.1841726618705036,2
217,4.93,18.23,1,7.8,0,9.0,3.697768762677485,1
218,1.43,2.89,3,6.0,1,26.2,2.0209790209790213,4
219,8.92,10.97,1,7.8,0,8.3,1.2298206278026906,1
220,2.28,6.82,4,7.9,1,3.8,2.991228070175439,0
221,11.54,4.62,4,6.7,0,9.4,0.4003466204506066,1
222,12.35,15.21,0,7.6,0,8.0,1.231578947368421,1
223,19.92,14.53,3,7.6,0,7.6,0.7294176706827308,1
224,14.42,14.24,3,7.6,1,20.3,0.9875173370319,4
225,13.9,11.33,0,7.1,1,27.4,0.8151079136690648,4
226,12.91,2.7,2,6.2,1,3.4,0.209140201394268,0
227,17.9,6.12,3,7.4,1,5.9,0.3418994413407821,1
228,1.28,13.74,1,7.6,1,7.8,10.734375,1
229,16.62,11.78,4,6.7,0,25.9,0.7087845968712394,4
230,8.32,8.98,2,7.0,1,9.7,1.0793269230769231,1
231,14.54,14.2,0,7.3,1,10.5,0.9766162310866576,2
232,14.41,9.18,0,7.6,1,19.1,0.63705759888966,3
233,16.84,13.75,2,6.4,1,6.1,0.8165083135391924,1
234,11.93,13.82,2,7.9,1,2.7,1.1584241408214586,0
235,6.99,7.77,3,6.8,0,15.6,1.1115879828326178,3
236,13.68,5.55,1,8.0,1,3.4,0.4057017543859649,0
237,19.81,16.47,3,7.5,0,2.3,0.8313982836951035,0
238,4.15,2.9,4,6.6,1,9.8,0.6987951807228915,1
239,5.27,14.79,2,6.7,0,23.3,2.806451612903226,4
240,9.74,10.53,3,6.8,1,22.4,1.0811088295687885,4
241,11.35,15.75,2,6.7,1,24.7,1.3876651982378856,4
242,1.29,7.54,1,7.6,1,15.4,5.844961240310077,3
243,14.47,12.83,1,7.3,1,26.7,0.8866620594333102,4
244,2.02,5.65,4,6.6,1,14.6,2.7970297029702973,2
245,11.65,6.47,0,7.6,0,4.5,0.5553648068669528,0
246,2.09,12.39,4,7.0,0,17.1,5.928229665071771,3
247,6.89,8.27,3,7.3,1,7.9,1.2002902757619738,1
248,6.97,3.9,0,7.5,0,24.3,0.5595408895265424,4
249,17.3,17.87,2,7.6,1,18.7,1.0329479768786127,3
250,7.69,4.75,2,7.6,1,1.8,0.6176853055916774,0
251,13.41,12.7,0,7.2,0,21.2,0.9470544369873228,4
252,2.68,15.86,3,6.2,1,4.0,5.9179104477611935,0
253,3.29,3.65,4,7.9,1,24.1,1.1094224924012157,4
254,19.13,2.85,2,6.1,1,9.1,0.148980658651333,1
255,15.11,17.01,3,6.5,0,21.0,1.125744540039709,4
256,1.03,7.66,1,7.9,0,26.1,7.436893203883495,4
257,11.3,6.61,1,6.3,1,8.2,0.5849557522123894,1
258,4.94,4.83,3,7.5,1,20.5,0.9777327935222672,4
259,1.17,8.42,0,7.8,1,6.0,7.196581196581197,1
260,11.31,11.4,0,6.5,1,22.0,1.0079575596816976,4
261,9.51,5.84,1,7.4,1,27.0,0.6140904311251314,4
262,11.2,7.19,0,6.8,0,7.7,0.6419642857142858,1
263,14.14,5.78,4,6.1,1,22.9,0.4087694483734088,4
264,14.84,18.18,4,6.9,0,8.7,1.225067385444744,1
265,15.82,6.57,0,7.6,0,11.7,0.4152970922882427,2
266,19.49,7.46,4,7.2,1,27.2,0.3827603899435608,4
267,19.91,4.84,4,6.5,0,7.7,0.2430939226519337,1
268,13.76,7.21,0,6.6,1,25.3,0.5239825581395349,4
269,3.68,10.16,0,7.9,0,16.4,2.760869565217391,3
270,15.41,7.5,1,7.0,1,7.9,0.4866969500324464,1
271,12.03,2.42,3,6.3,1,12.4,0.2011637572734829,2
272,14.5,11.95,4,7.1,1,8.2,0.8241379310344827,1
273,1.35,14.66,3,6.7,1,4.7,10.85925925925926,0
274,8.93,4.62,3,6.1,0,27.3,0.5173572228443449,4
275,15.62,3.44,1,7.9,1,19.1,0.2202304737516005,3
276,16.5,16.36,0,7.5,1,20.0,0.9915151515151516,4
277,14.58,15.53,1,6.9,0,23.7,1.0651577503429357,4
278,13.09,18.02,3,7.8,0,21.6,1.3766233766233766,4
279,18.85,7.33,1,6.7,0,22.7,0.3888594164456233,4
280,7.65,12.25,1,6.7,0,10.0,1.6013071895424835,2
281,3.76,14.36,3,7.6,1,8.3,3.8191489361702127,1
282,9.63,12.12,1,7.5,0,22.2,1.2585669781931463,4
283,15.04,16.46,4,7.7,1,19.9,1.0944148936170215,3
284,8.37,8.89,4,6.6,0,21.0,1.062126642771804,4
285,6.87,2.05,2,6.9,1,13.7,0.2983988355167394,2
286,18.93,8.17,0,7.9,1,19.2,0.4315900686740623,3
287,14.11,12.07,4,7.8,0,24.5,0.855421686746988,4
288,16.56,7.16,3,7.9,1,19.6,0.4323671497584541,3
289,10.53,5.54,2,6.1,1,23.0,0.5261158594491928,4
290,6.4,11.75,4,6.2,0,20.5,1.8359375,4
291,13.05,4.69,4,8.0,1,9.5,0.3593869731800766,1
292,2.46,6.95,4,7.0,0,3.2,2.8252032520325203,0
293,7.42,11.97,2,7.5,0,16.0,1.6132075471698115,3
294,13.35,10.94,0,7.6,1,4.1,0.8194756554307115,0
295,19.84,15.77,0,7.6,1,8.2,0.7948588709677419,1
296,4.47,5.46,1,7.5,0,10.3,1.221476510067114,2
297,11.89,6.81,1,6.2,0,18.8,0.5727502102607233,3
298,17.46,7.03,4,6.4,0,3.4,0.4026345933562428,0
299,13.15,18.59,3,6.2,1,19.6,1.4136882129277566,3
300,17.76,12.44,0,6.4,0,8.1,0.7004504504504504,1
301,1.93,17.39,4,6.9,1,15.9,9.010362694300518,3
302,17.6,9.46,1,6.4,0,14.5,0.5375,2
303,6.46,13.79,4,7.3,0,9.4,2.134674922600619,1
304,11.33,13.73,2,6.1,0,6.0,1.2118270079435127,1
305,8.03,8.41,3,7.9,0,14.5,1.0473225404732256,2
306,3.3,9.84,2,6.9,1,10.6,2.981818181818182,2
307,5.96,4.92,4,6.9,1,11.0,0.825503355704698,2
308,9.16,13.57,0,6.7,1,26.3,1.4814410480349345,4
309,18.17,5.25,1,7.8,0,3.7,0.2889378095762245,0
310,5.36,9.65,1,6.2,1,6.6,1.8003731343283582,1
311,10.16,9.2,2,7.8,0,9.8,0.905511811023622,1
312,19.43,2.51,2,6.6,0,9.8,0.1291816778178075,1
313,19.27,15.47,0,6.8,1,3.8,0.8028022833419824,0
314,6.28,15.78,1,7.0,1,14.3,2.5127388535031847,2
315,18.68,2.01,1,6.3,1,23.7,0.1076017130620985,4
316,7.05,14.29,3,6.4,0,14.4,2.026950354609929,2
317,7.48,4.94,4,7.8,0,12.4,0.660427807486631,2
318,12.48,3.62,1,7.7,0,22.8,0.2900641025641026,4
319,4.78,7.59,2,6.1,0,11.4,1.5878661087866108,2
320,11.06,8.83,4,6.4,1,21.4,0.7983725135623869,4
321,17.13,15.86,0,6.5,1,26.7,0.9258610624635144,4
322,19.29,17.04,1,6.5,1,5.7,0.8833592534992224,1
323,7.87,16.8,4,6.4,0,18.7,2.1346886912325287,3
324,11.59,13.63,4,7.0,0,15.3,1.176013805004314,3
325,1.03,11.68,2,6.4,1,9.1,11.33980582524272,1
326,14.99,16.61,4,6.3,0,7.2,1.1080720480320212,1
327,11.61,5.94,2,6.7,0,5.5,0.5116279069767442,1
328,7.88,2.98,4,6.9,1,11.2,0.3781725888324873,2
329,1.91,6.78,3,7.0,1,10.0,3.5497382198952883,2
330,8.24,9.02,4,6.3,0,25.1,1.0946601941747571,4
331,9.97,16.54,2,7.4,1,3.0,1.658976930792377,0
332,1.26,2.53,4,6.7,0,2.0,2.007936507936508,0
333,16.67,4.59,3,6.6,1,10.6,0.2753449310137972,2
334,2.67,7.73,0,7.6,1,16.3,2.8951310861423223,3
335,10.61,13.71,4,6.9,1,16.1,1.292177191328935,3
336,15.07,11.48,0,7.4,1,24.0,0.7617783676177837,4
337,3.1,10.23,3,7.0,0,11.7,3.3,2
338,8.57,10.03,0,6.8,0,21.6,1.1703617269544924,4
339,1.11,9.23,1,6.3,1,6.5,8.315315315315315,1
340,2.57,9.86,3,7.7,1,26.4,3.8365758754863815,4
341,12.56,10.64,0,6.1,1,10.9,0.8471337579617835,2
342,6.17,4.02,1,7.7,0,11.1,0.6515397082658022,2
343,17.7,8.65,0,7.7,1,23.3,0.4887005649717514,4
344,10.62,13.57,4,6.9,1,11.9,1.277777777777778,2
345,8.15,10.5,4,7.6,1,11.6,1.2883435582822085,2
346,18.15,17.85,3,7.0,1,19.4,0.9834710743801656,3
347,6.9,12.53,4,7.6,0,4.7,1.815942028985507,0
348,9.11,2.61,1,6.1,0,10.4,0.2864983534577388,2
349,19.73,11.63,1,7.1,1,7.3,0.5894576786619362,1
350,14.22,6.49,3,6.5,1,6.4,0.4563994374120956,1
351,9.29,11.57,0,7.1,1,1.3,1.2454251883745966,0
352,2.78,11.14,4,6.1,1,27.6,4.007194244604317,4
353,15.8,8.29,2,7.0,0,4.0,0.5246835443037974,0
354,14.77,18.18,2,6.0,0,12.8,1.2308733920108328,2
355,19.67,14.79,2,6.7,1,1.9,0.751906456532791,0
356,18.42,10.75,4,6.8,1,19.6,0.5836047774158523,3
357,18.94,11.5,3,6.4,1,24.5,0.6071805702217529,4
358,3.38,16.38,2,7.5,0,20.0,4.846153846153846,4
359,3.82,13.48,2,6.7,1,27.3,3.5287958115183247,4
360,15.09,3.86,2,7.2,1,10.9,0.2557985420808482,2
361,17.54,15.03,2,6.2,0,11.8,0.8568985176738882,2
362,1.4,12.33,1,7.3,0,11.0,8.807142857142857,2
363,19.04,16.92,3,7.9,0,1.1,0.8886554621848741,0
364,3.35,7.88,4,6.1,1,1.3,2.352238805970149,0
365,6.56,17.05,2,6.3,1,7.7,2.599085365853659,1
366,15.54,2.04,0,7.7,0,8.1,0.1312741312741313,1
367,8.32,13.44,3,7.5,0,10.9,1.6153846153846152,2
368,18.19,14.74,3,7.6,1,26.6,0.8103353490929082,4
369,14.53,5.29,2,6.1,1,24.5,0.3640743289745354,4
370,11.72,5.3,2,7.4,1,2.9,0.4522184300341296,0
371,7.4,14.52,4,7.1,0,11.9,1.962162162162162,2
372,16.63,4.28,4,6.0,1,20.7,0.2573662056524354,4
373,2.13,15.79,3,6.9,0,22.8,7.413145539906103,4
374,3.13,16.89,3,7.7,0,26.0,5.396166134185304,4
375,4.27,10.19,2,7.2,0,6.1,2.386416861826698,1
376,3.92,11.64,0,6.5,1,21.0,2.969387755102041,4
377,11.35,3.14,2,7.3,1,27.5,0.2766519823788546,4
378,16.54,4.98,1,7.1,1,1.6,0.3010882708585248,0
379,7.9,14.78,0,6.7,0,24.4,1.8708860759493668,4
380,10.66,5.35,1,7.9,1,18.0,0.5018761726078799,3
381,15.32,17.32,3,7.6,1,27.5,1.1305483028720626,4
382,5.95,7.7,1,7.8,1,22.1,1.2941176470588236,4
383,6.76,4.82,2,7.5,1,3.4,0.71301775147929,0
384,9.18,16.59,0,6.7,1,16.0,1.80718954248366,3
385,4.75,8.97,0,6.0,0,16.6,1.888421052631579,3
386,9.8,10.71,4,7.2,1,15.0,1.092857142857143,3
387,14.94,4.82,0,7.6,1,6.3,0.322623828647925,1
388,14.95,4.48,4,7.1,0,3.9,0.2996655518394649,0
389,3.22,6.98,4,6.9,1,1.6,2.1677018633540373,0
390,15.17,9.34,4,6.9,1,25.2,0.6156888595912986,4
391,19.46,9.59,3,6.5,1,19.2,0.4928057553956834,3
392,12.68,18.32,1,7.6,0,13.8,1.444794952681388,2
393,4.13,16.12,1,7.1,1,6.3,3.9031476997578696,1
394,13.89,2.17,4,7.1,1,5.4,0.156227501799856,1
395,12.88,13.72,3,6.1,1,19.8,1.065217391304348,3
396,15.59,6.97,1,7.4,1,3.4,0.4470814624759461,0
397,6.94,8.93,2,7.9,1,8.7,1.286743515850144,1
398,14.56,16.93,2,7.3,0,17.8,1.1627747252747251,3
399,12.59,8.58,0,6.3,1,22.1,0.6814932486100079,4
400,18.63,8.75,4,6.5,0,2.3,0.4696725711218465,0
401,14.6,5.19,2,6.4,0,16.3,0.3554794520547945,3
402,1.83,7.74,3,7.3,0,11.7,4.229508196721311,2
403,13.25,16.04,4,6.1,1,7.1,1.210566037735849,1
404,9.51,3.02,3,6.9,0,2.7,0.3175604626708728,0
405,1.42,6.59,2,7.8,1,10.4,4.640845070422535,2
406,9.67,13.61,3,7.6,1,19.2,1.4074457083764218,3
407,3.7,8.24,4,7.3,0,25.6,2.227027027027027,4
408,9.3,10.54,0,7.3,0,21.9,1.133333333333333,4
409,2.13,18.68,4,7.5,0,17.3,8.769953051643192,3
410,3.8,11.79,0,7.2,1,27.4,3.1026315789473684,4
411,11.12,7.72,0,7.3,1,14.9,0.6942446043165468,2
412,19.26,4.06,3,6.4,0,20.0,0.2107995846313602,4
413,18.96,7.51,1,7.7,0,7.5,0.3960970464135021,1
414,5.74,5.05,2,6.7,1,23.4,0.8797909407665505,4
415,11.53,12.96,2,6.1,1,17.1,1.124024284475282,3
416,8.93,2.16,0,7.8,1,15.9,0.2418812989921612,3
417,1.57,15.83,0,6.6,1,9.4,10.0828025477707,1
418,13.99,3.09,3,6.0,0,8.6,0.2208720514653323,1
419,10.03,15.13,4,6.1,1,24.5,1.5084745762711866,4
420,5.83,15.57,2,6.2,0,5.6,2.6706689536878216,1
421,6.66,7.29,3,6.2,0,16.3,1.0945945945945943,3
422,17.0,17.28,2,7.2,1,19.5,1.0164705882352942,3
423,3.25,2.67,4,6.1,1,21.5,0.8215384615384616,4
424,10.47,9.32,2,7.7,0,15.6,0.8901623686723973,3
425,18.73,4.15,4,7.5,0,25.1,0.2215696743192739,4
426,3.54,18.11,2,7.2,0,1.3,5.115819209039548,0
427,3.79,5.2,0,7.5,1,13.7,1.372031662269129,2
428,9.46,18.45,1,6.1,0,14.4,1.9503171247357287,2
429,16.98,18.82,3,6.5,1,21.6,1.1083627797408715,4
430,14.02,17.89,3,6.6,0,6.1,1.276034236804565,1
431,5.11,10.69,4,7.9,1,20.9,2.0919765166340505,4
432,12.19,12.69,2,6.9,1,18.3,1.041017227235439,3
433,6.04,18.27,2,6.5,1,27.3,3.0248344370860925,4
434,9.11,17.25,3,6.9,1,16.0,1.893523600439078,3
435,5.47,5.56,0,7.3,1,20.4,1.016453382084095,4
436,6.95,4.51,4,7.1,1,27.4,0.6489208633093525,4
437,10.17,8.37,4,6.6,0,9.1,0.8230088495575221,1
438,5.57,3.96,0,6.6,1,8.8,0.7109515260323159,1
439,19.62,12.76,4,6.8,1,20.1,0.6503567787971457,4
440,9.82,6.56,3,7.3,1,8.1,0.6680244399185336,1
441,18.55,5.08,2,7.1,0,4.0,0.2738544474393531,0
442,10.73,18.64,0,7.5,0,26.8,1.7371854613233924,4
443,1.46,11.21,2,7.9,0,25.8,7.678082191780823,4
444,15.67,17.78,2,6.2,1,18.9,1.1346522016592215,3
445,12.61,17.14,3,7.9,1,26.4,1.359238699444885,4
446,18.41,14.78,4,7.1,0,3.0,0.8028245518739815,0
447,2.04,8.38,1,7.2,1,8.9,4.107843137254903,1
448,5.08,2.89,0,6.5,1,20.9,0.5688976377952756,4
449,16.07,16.67,1,7.9,0,2.1,1.0373366521468577,0
450,17.95,18.18,2,6.0,0,7.5,1.0128133704735376,1
451,8.13,16.75,1,6.2,1,17.2,2.060270602706027,3
452,9.78,3.66,2,7.6,1,26.1,0.3742331288343559,4
453,16.72,18.02,1,6.1,1,23.4,1.0777511961722488,4
454,2.73,3.33,4,6.5,0,19.2,1.21978021978022,3
455,11.03,5.92,2,6.5,1,23.0,0.5367180417044425,4
456,5.48,8.35,4,6.6,0,11.8,1.523722627737226,2
457,2.75,3.3,0,6.3,1,2.9,1.2,0
458,14.86,17.49,0,7.8,1,3.1,1.1769851951547778,0
459,5.71,5.79,1,6.9,1,6.0,1.0140105078809107,1
460,11.39,14.56,1,6.1,1,8.2,1.2783143107989463,1
461,17.79,15.59,1,7.3,1,21.9,0.8763350196739742,4
462,5.75,9.23,0,7.4,0,2.7,1.605217391304348,0
463,10.28,4.04,1,6.0,1,19.5,0.3929961089494164,3
464,8.2,10.71,3,8.0,0,23.4,1.30609756097561,4
465,3.76,8.7,2,6.9,0,5.4,2.3138297872340425,1
466,19.79,8.43,1,6.6,0,26.0,0.4259727134916624,4
467,10.57,18.33,2,6.5,0,4.3,1.7341532639545882,0
468,10.29,9.47,2,6.5,0,5.8,0.9203109815354714,1
469,4.82,9.66,2,7.1,0,20.9,2.004149377593361,4
470,1.21,18.79,2,6.6,1,27.7,15.52892561983471,4
471,14.44,10.39,3,7.3,1,19.8,0.7195290858725762,3
472,9.26,18.75,0,7.8,0,14.9,2.024838012958963,2
473,13.9,9.07,4,7.8,0,4.6,0.6525179856115108,0
474,13.71,7.33,1,6.9,0,23.3,0.5346462436177972,4
475,19.01,13.93,1,7.1,1,25.3,0.7327722251446607,4
476,16.68,14.96,0,7.9,1,15.2,0.8968824940047962,3
477,1.91,18.15,4,6.7,1,21.3,9.50261780104712,4
478,3.88,8.4,0,7.6,1,22.0,2.164948453608248,4
479,15.44,2.86,1,6.7,0,16.2,0.1852331606217616,3
480,14.77,12.16,0,7.1,1,23.2,0.8232904536222072,4
481,19.76,12.04,4,6.3,0,24.5,0.6093117408906882,4
482,18.58,9.41,4,7.4,0,14.8,0.5064585575888052,2
483,2.32,9.02,4,7.2,0,24.1,3.887931034482759,4
484,13.66,3.41,0,6.6,1,13.7,0.2496339677891654,2
485,8.78,18.31,3,6.7,1,2.5,2.085421412300684,0
486,15.98,4.36,4,6.7,0,11.6,0.2728410513141427,2
487,2.67,10.74,0,6.1,1,13.0,4.02247191011236,2
488,18.3,11.06,0,7.7,0,18.9,0.6043715846994535,3
489,11.58,18.74,4,6.6,0,3.2,1.618307426597582,0
490,4.17,8.06,0,8.0,1,2.2,1.932853717026379,0
491,2.9,6.13,0,7.5,1,18.9,2.113793103448276,3
492,14.26,15.43,2,6.1,1,17.0,1.082047685834502,3
493,17.01,7.56,0,6.8,1,27.9,0.4444444444444443,4
494,14.17,10.59,0,7.5,1,16.8,0.7473535638673253,3
495,18.87,11.91,0,7.7,1,16.0,0.6311605723370429,3
496,15.33,17.13,3,6.1,0,23.5,1.1174168297455969,4
497,14.6,16.92,0,6.3,0,5.3,1.158904109589041,1
498,9.47,4.71,4,7.3,1,10.0,0.4973600844772967,2
499,19.97,15.96,0,7.2,1,1.3,0.799198798197296,0
500,17.1,16.93,4,6.8,0,16.5,0.9900584795321636,3
501,18.54,9.49,0,7.0,1,5.2,0.5118662351672061,1
502,1.29,5.84,1,6.3,1,26.3,4.5271317829457365,4
503,10.32,13.38,1,7.4,0,22.7,1.2965116279069768,4
504,14.12,11.57,1,6.2,0,11.6,0.8194050991501417,2
505,15.5,15.86,1,7.0,0,18.5,1.0232258064516129,3
506,14.84,15.26,0,7.1,0,6.8,1.028301886792453,1
507,7.37,14.33,0,7.7,1,15.1,1.9443690637720488,3
508,2.8,3.62,4,7.1,1,2.0,1.292857142857143,0
509,8.06,8.61,1,7.1,0,15.9,1.0682382133995036,3
510,17.97,10.76,2,7.3,1,9.9,0.5987757373400111,1
511,5.03,7.23,0,7.7,1,9.9,1.437375745526839,1
512,18.26,14.5,3,6.6,0,9.7,0.7940854326396495,1
513,1.11,4.47,3,7.2,1,26.7,4.027027027027026,4
514,7.58,5.68,3,7.5,0,15.2,0.7493403693931397,3
515,18.45,8.83,3,7.2,0,7.7,0.4785907859078591,1
516,3.27,16.95,2,6.4,0,22.1,5.18348623853211,4
517,13.23,13.69,0,6.2,1,22.9,1.034769463340892,4
518,18.41,13.23,4,7.7,0,19.2,0.7186311787072244,3
519,13.11,11.38,2,7.6,1,20.5,0.8680396643783372,4
520,11.58,3.26,4,7.1,1,7.5,0.2815198618307426,1
521,13.4,8.97,1,7.0,0,6.1,0.6694029850746269,1
522,14.39,3.32,3,7.5,0,18.6,0.2307157748436414,3
523,8.28,18.84,1,7.4,0,18.8,2.27536231884058,3
524,4.96,15.28,2,7.3,1,2.8,3.0806451612903225,0
525,12.63,4.15,0,6.0,0,16.7,0.3285827395091053,3
526,2.25,15.15,2,7.1,0,11.0,6.733333333333333,2
527,13.56,12.66,4,8.0,0,24.4,0.9336283185840708,4
528,17.06,11.97,4,6.6,0,11.8,0.701641266119578,2
529,1.13,6.09,3,7.5,1,9.4,5.389380530973452,1
530,6.38,8.07,4,6.9,1,11.1,1.2648902821316614,2
531,3.33,5.63,4,7.5,0,21.6,1.690690690690691,4
532,9.99,14.62,3,7.2,0,21.6,1.4634634634634631,4
533,7.01,8.26,2,7.2,1,12.6,1.178316690442225,2
534,2.57,13.8,1,6.4,1,19.8,5.369649805447471,3
535,10.54,16.01,4,7.5,0,7.4,1.5189753320683117,1
536,18.25,17.72,1,6.4,0,4.9,0.970958904109589,0
537,7.74,9.08,2,6.4,0,24.6,1.17312661498708,4
538,13.87,3.39,4,6.1,0,21.9,0.2444124008651766,4
539,9.86,3.11,1,7.3,0,18.9,0.3154158215010142,3
540,8.44,14.05,2,6.7,0,23.4,1.6646919431279623,4
541,19.66,2.77,4,6.2,0,20.0,0.1408952187182095,4
542,16.86,9.54,4,6.3,1,1.6,0.5658362989323843,0
543,7.92,8.73,3,6.7,1,8.4,1.1022727272727273,1
544,15.31,11.57,3,7.7,0,12.2,0.7557152188112345,2
545,9.2,10.12,2,7.9,0,14.7,1.1,2
546,3.23,18.03,0,7.6,1,15.5,5.582043343653251,3
547,11.96,12.07,4,6.3,0,24.5,1.0091973244147157,4
548,17.34,11.95,4,6.2,0,27.1,0.6891580161476355,4
549,1.19,16.49,2,7.2,0,17.3,13.857142857142856,3
550,16.17,5.73,2,7.2,1,19.4,0.3543599257884972,3
551,2.04,18.25,3,6.8,0,19.2,8.946078431372548,3
552,16.27,17.6,0,7.5,1,6.1,1.081745543945913,1
553,16.71,2.01,0,7.8,1,6.2,0.1202872531418312,1
554,6.49,13.68,4,6.1,0,12.6,2.107858243451464,2
555,19.04,18.35,1,7.5,1,11.5,0.9637605042016808,2
556,8.8,2.08,2,7.8,0,17.4,0.2363636363636363,3
557,12.89,9.87,4,6.6,1,11.2,0.7657098525989138,2
558,3.42,13.2,2,7.5,0,5.4,3.8596491228070176,1
559,12.9,9.28,0,7.7,1,21.8,0.7193798449612402,4
560,1.3,8.27,2,7.3,1,27.9,6.361538461538461,4
561,10.35,16.25,3,7.8,1,14.2,1.570048309178744,2
562,14.46,18.2,0,6.3,0,6.8,1.2586445366528354,1
563,12.5,7.48,0,8.0,0,19.2,0.5984,3
564,19.2,6.44,2,7.9,1,4.8,0.3354166666666667,0
565,4.95,11.79,0,7.2,0,25.5,2.3818181818181814,4
566,9.63,4.73,3,6.1,1,8.0,0.4911734164070612,1
567,19.04,13.86,3,7.0,1,20.3,0.7279411764705882,4
568,19.36,16.84,3,7.2,1,23.4,0.8698347107438017,4
569,9.51,5.79,0,6.1,1,9.2,0.6088328075709779,1
570,14.36,12.81,2,7.7,1,1.9,0.8920612813370474,0
571,2.77,6.24,0,7.2,0,9.4,2.252707581227437,1
572,1.51,11.04,2,6.3,1,18.7,7.3112582781456945,3
573,14.97,2.01,4,6.7,0,21.8,0.1342685370741482,4
574,8.03,10.53,3,7.5,0,19.6,1.3113325031133252,3
575,1.52,3.01,1,6.6,0,17.6,1.9802631578947367,3
576,19.73,11.53,1,7.4,1,23.9,0.5843892549417131,4
577,9.09,8.48,4,6.9,0,2.1,0.932893289328933,0
578,6.28,2.71,2,6.5,1,11.9,0.4315286624203821,2
579,9.37,12.3,3,6.9,1,23.8,1.3127001067235862,4
580,7.74,12.17,1,6.4,0,9.3,1.5723514211886305,1
581,3.42,3.73,0,6.3,1,9.6,1.090643274853801,1
582,14.53,17.51,3,7.6,0,19.9,1.2050929112181694,3
583,13.6,2.65,0,7.8,0,16.8,0.1948529411764706,3
584,2.09,3.55,0,6.9,1,15.6,1.6985645933014355,3
585,13.28,13.85,2,7.6,0,2.8,1.042921686746988,0
586,7.32,9.1,4,6.8,0,17.5,1.2431693989071038,3
587,3.52,15.78,1,6.3,0,17.4,4.482954545454545,3
588,14.31,17.52,4,7.6,1,13.9,1.2243186582809225,2
589,8.68,17.16,2,6.6,1,26.0,1.976958525345622,4
590,1.6,13.95,1,7.3,0,10.9,8.718749999999998,2
591,10.35,5.16,4,6.9,1,2.2,0.4985507246376812,0
592,19.53,5.68,3,8.0,1,19.1,0.2908346134152585,3
593,17.3,11.92,3,6.4,1,24.5,0.6890173410404624,4
594,12.17,9.88,1,6.3,1,14.6,0.8118323746918653,2
595,9.5,6.22,3,6.7,1,5.9,0.6547368421052632,1
596,5.09,18.44,3,7.0,0,12.0,3.622789783889981,2
597,14.65,14.1,2,7.0,0,21.0,0.962457337883959,4
598,14.58,8.24,2,7.4,1,11.5,0.5651577503429356,2
599,13.36,13.44,0,6.4,1,13.4,1.0059880239520955,2
600,9.18,17.87,4,7.9,1,7.9,1.946623093681917,1
601,16.55,3.22,2,6.7,1,22.7,0.1945619335347432,4
602,4.43,14.97,0,6.6,1,2.6,3.379232505643341,0
603,11.28,16.0,2,7.0,1,19.9,1.4184397163120568,3
604,7.86,13.06,2,7.2,0,12.7,1.6615776081424936,2
605,15.86,16.41,2,7.0,0,9.8,1.0346784363177806,1
606,6.92,8.2,4,6.8,1,9.9,1.184971098265896,1
607,17.4,14.22,0,7.9,1,25.6,0.8172413793103449,4
608,11.5,7.09,2,6.1,0,2.9,0.6165217391304347,0
609,13.5,4.79,1,7.8,0,14.7,0.3548148148148148,2
610,2.46,18.8,4,7.4,1,7.6,7.642276422764228,1
611,10.52,9.23,2,6.3,1,12.4,0.8773764258555133,2
612,4.2,17.86,2,6.2,0,14.3,4.252380952380952,2
613,13.64,10.92,1,7.5,0,9.6,0.8005865102639296,1
614,13.44,2.22,4,7.8,1,11.1,0.1651785714285714,2
615,7.33,12.75,2,7.7,1,27.4,1.7394270122783082,4
616,17.11,8.17,3,6.3,1,11.5,0.4774985388661601,2
617,19.1,15.85,3,6.3,1,23.3,0.8298429319371727,4
618,6.52,13.48,0,6.3,0,16.5,2.067484662576687,3
619,12.71,7.68,3,7.5,1,17.8,0.6042486231313925,3
620,18.88,8.42,0,7.2,1,23.9,0.4459745762711865,4
621,2.21,11.07,2,7.1,0,5.7,5.009049773755656,1
622,9.8,6.74,0,7.1,0,15.2,0.6877551020408162,3
623,8.49,14.22,3,7.8,1,9.0,1.6749116607773853,1
624,14.64,17.96,1,6.2,0,11.5,1.226775956284153,2
625,9.63,14.21,2,7.8,0,11.9,1.4755970924195223,2
626,14.54,3.95,0,6.8,1,11.9,0.2716643741403026,2
627,1.17,17.4,2,7.6,0,10.0,14.871794871794872,2
628,6.75,16.69,0,6.6,1,12.1,2.472592592592593,2
629,17.06,15.82,0,6.3,0,2.8,0.9273153575615476,0
630,1.65,10.8,2,6.8,1,14.4,6.545454545454546,2
631,17.93,12.16,3,7.6,0,10.7,0.6781929726715002,2
632,15.14,5.91,3,6.5,1,8.3,0.3903566710700132,1
633,18.13,10.12,3,6.1,1,11.8,0.5581908439051296,2
634,7.07,3.53,0,7.9,0,11.1,0.4992927864214992,2
635,5.49,3.35,0,6.9,0,2.5,0.6102003642987249,0
636,16.39,10.0,1,7.2,1,5.8,0.6101281269066504,1
637,9.52,14.34,1,6.2,1,2.2,1.5063025210084031,0
638,3.27,5.66,4,7.0,0,8.3,1.730886850152905,1
639,16.87,4.63,1,6.4,1,4.0,0.2744516893894487,0
640,15.09,16.04,0,6.3,0,21.6,1.0629555997349238,4
641,7.42,8.85,0,7.2,0,3.5,1.192722371967655,0
642,6.15,6.08,1,6.0,1,27.4,0.9886178861788616,4
643,16.42,13.71,3,7.1,0,15.7,0.8349573690621194,3
644,2.75,18.47,0,7.5,0,3.3,6.716363636363636,0
645,1.1,4.33,4,7.5,1,23.5,3.936363636363636,4
646,2.47,16.23,0,7.2,0,7.5,6.570850202429149,1
647,12.49,4.21,3,6.9,0,22.1,0.3370696557245796,4
648,5.81,10.9,1,7.5,1,6.1,1.8760757314974184,1
649,18.85,18.82,0,7.8,1,2.8,0.9984084880636604,0
650,15.19,15.32,0,6.3,0,7.6,1.0085582620144833,1
651,18.86,18.39,3,7.3,1,15.8,0.9750795334040298,3
652,15.87,5.26,2,7.6,1,6.8,0.3314429741650914,1
653,16.48,6.84,4,7.4,1,11.7,0.4150485436893203,2
654,18.47,15.1,4,6.2,1,21.0,0.8175419599350298,4
655,7.67,14.28,1,7.6,1,27.2,1.861799217731421,4
656,2.43,12.37,4,7.2,0,2.0,5.090534979423867,0
657,1.0,12.52,2,7.4,1,2.3,12.52,0
658,13.3,8.09,0,6.6,0,12.8,0.6082706766917293,2
659,16.83,5.08,0,7.8,0,14.2,0.3018419489007725,2
660,8.27,17.35,3,6.8,1,8.7,2.0979443772672317,1
661,13.58,13.68,2,6.8,0,23.4,1.0073637702503682,4
662,8.05,16.73,4,6.7,0,18.0,2.0782608695652174,3
663,11.43,6.47,2,6.9,0,7.6,0.5660542432195975,1
664,16.34,14.79,2,7.5,0,21.1,0.905140758873929,4
665,13.06,11.67,3,7.1,1,11.5,0.8935681470137825,2
666,1.5,16.32,1,7.9,0,27.4,10.88,4
667,5.45,11.42,1,6.4,0,8.7,2.095412844036697,1
668,14.37,15.76,3,7.2,1,6.1,1.0967292971468336,1
669,5.5,17.5,4,7.0,1,2.0,3.1818181818181817,0
670,7.34,12.34,4,7.6,1,21.3,1.681198910081744,4
671,7.03,2.0,3,6.3,0,12.0,0.2844950213371265,2
672,9.64,11.96,1,6.4,0,9.3,1.2406639004149378,1
673,4.63,17.7,1,6.5,0,9.5,3.8228941684665223,1
674,8.27,2.85,2,7.1,0,20.8,0.3446191051995163,4
675,2.14,11.71,0,7.2,1,2.9,5.47196261682243,0
676,10.77,14.96,4,7.3,1,27.8,1.3890436397400188,4
677,16.92,13.45,3,7.7,1,23.5,0.794917257683215,4
678,8.05,2.52,2,7.8,1,14.0,0.3130434782608695,2
679,13.63,2.04,4,7.4,1,14.0,0.1496698459280998,2
680,17.35,6.45,0,7.3,1,4.0,0.3717579250720461,0
681,4.25,13.85,2,7.8,1,7.0,3.2588235294117647,1
682,16.91,6.55,3,6.4,1,9.6,0.387344766410408,1
683,16.75,18.8,2,7.1,0,9.2,1.1223880597014926,1
684,6.9,16.6,3,7.4,0,21.5,2.4057971014492754,4
685,9.21,10.59,2,7.9,1,25.9,1.1498371335504884,4
686,13.71,9.65,3,7.3,0,1.8,0.7038657913931436,0
687,1.45,15.96,4,6.8,1,16.0,11.00689655172414,3
688,17.79,15.77,2,6.9,1,21.1,0.8864530635188308,4
689,6.42,10.51,0,7.1,1,8.4,1.6370716510903427,1
690,4.2,15.41,4,7.9,0,9.3,3.669047619047619,1
691,7.59,10.19,1,8.0,1,7.9,1.3425559947299075,1
692,15.7,14.68,1,6.3,1,16.5,0.935031847133758,3
693,12.63,15.68,2,6.1,1,19.5,1.241488519398258,3
694,7.08,13.78,1,7.3,0,25.6,1.9463276836158192,4
695,10.95,17.51,2,6.5,0,1.6,1.599086757990868,0
696,6.99,10.46,4,7.3,0,27.0,1.4964234620886985,4
697,4.0,2.27,4,6.6,0,1.5,0.5675,0
698,15.74,11.48,0,6.6,1,16.3,0.7293519695044473,3
699,9.7,3.65,1,6.9,0,5.3,0.3762886597938144,1
700,15.56,18.23,3,7.7,1,16.2,1.1715938303341902,3
701,10.86,3.31,2,7.5,1,22.9,0.3047882136279926,4
702,19.05,15.83,4,6.2,0,27.8,0.8309711286089239,4
703,3.17,9.56,0,6.4,1,5.0,3.015772870662461,1
704,3.11,17.9,1,7.4,1,17.8,5.755627009646302,3
705,1.17,18.41,2,6.2,0,15.2,15.735042735042736,3
706,13.93,2.89,0,7.2,0,27.6,0.2074659009332376,4
707,4.6,6.53,2,7.0,0,10.6,1.4195652173913045,2
708,5.57,11.24,0,8.0,0,19.0,2.0179533213644523,3
709,5.41,18.31,0,6.4,1,10.6,3.384473197781885,2
710,14.63,12.97,2,7.9,1,18.4,0.8865345181134655,3
711,15.18,16.73,1,6.9,0,4.3,1.1021080368906455,0
712,18.62,4.82,0,6.9,0,12.1,0.2588614393125671,2
713,17.19,4.43,1,7.8,1,2.6,0.2577079697498545,0
714,16.94,15.84,3,6.5,1,7.0,0.9350649350649348,1
715,11.0,11.55,0,7.4,1,10.1,1.05,2
716,19.28,10.79,0,7.9,0,2.9,0.5596473029045642,0
717,2.89,12.47,1,6.9,1,27.5,4.314878892733564,4
718,10.88,17.87,4,6.9,0,20.2,1.6424632352941175,4
719,16.39,15.33,1,7.4,1,22.6,0.935326418547895,4
720,8.55,14.79,3,7.5,1,24.4,1.7298245614035086,4
721,8.91,2.35,4,6.1,1,22.4,0.2637485970819304,4
722,18.67,11.3,2,7.8,1,21.2,0.6052490626673808,4
723,2.82,16.44,2,6.4,0,26.7,5.829787234042554,4
724,7.75,5.06,1,6.2,1,27.6,0.6529032258064515,4
725,6.72,9.83,3,7.3,0,27.3,1.462797619047619,4
726,8.01,7.53,1,6.7,0,13.2,0.9400749063670412,2
727,14.42,17.07,3,7.3,1,12.1,1.18377253814147,2
728,16.21,4.42,0,6.2,1,19.1,0.2726711906230721,3
729,4.75,13.48,0,6.1,1,24.7,2.837894736842105,4
730,17.57,15.35,1,6.1,1,5.5,0.8736482640865111,1
731,13.89,3.26,3,7.8,1,3.9,0.2347012239020878,0
732,12.56,9.57,4,7.6,0,24.0,0.7619426751592356,4
733,13.92,10.2,0,7.7,1,23.1,0.7327586206896551,4
734,8.71,2.8,2,7.9,1,7.4,0.3214695752009184,1
735,8.88,5.53,0,7.6,1,15.3,0.6227477477477478,3
736,18.77,6.36,2,7.6,1,17.7,0.3388385721896644,3
737,5.74,18.7,0,6.8,0,11.2,3.257839721254355,2
738,3.3,11.45,3,7.5,0,27.8,3.4696969696969697,4
739,11.69,3.76,3,7.6,0,9.3,0.3216424294268605,1
740,13.99,8.01,1,6.2,1,12.9,0.5725518227305217,2
741,12.04,18.47,0,7.2,0,3.4,1.5340531561461794,0
742,17.97,12.4,1,6.5,0,8.3,0.6900389538119088,1
743,8.95,5.52,3,6.6,1,12.8,0.6167597765363129,2
744,17.84,17.06,2,7.6,1,27.6,0.9562780269058296,4
745,6.53,13.21,1,6.3,0,18.0,2.022970903522205,3
746,5.62,16.42,0,6.5,1,2.4,2.921708185053381,0
747,18.23,14.25,4,7.7,0,1.4,0.7816785518376302,0
748,16.52,2.13,4,7.8,1,24.0,0.1289346246973365,4
749,16.29,4.7,1,6.3,0,20.1,0.2885205647636587,4
750,2.48,5.23,2,6.6,1,14.5,2.1088709677419355,2
751,10.4,12.21,4,6.2,0,6.9,1.1740384615384616,1
752,10.92,18.09,0,7.8,0,7.5,1.6565934065934065,1
753,4.21,13.75,1,7.9,1,25.3,3.2660332541567696,4
754,7.37,14.38,3,7.3,0,16.0,1.9511533242876529,3
755,10.25,9.19,2,7.8,1,12.5,0.8965853658536584,2
756,14.78,3.17,0,7.1,1,2.3,0.2144790257104195,0
757,9.27,6.41,1,7.5,1,8.6,0.691477885652643,1
758,17.94,4.64,4,7.5,0,14.0,0.2586399108138238,2
759,8.67,10.86,1,6.7,0,25.8,1.2525951557093424,4
760,8.05,11.82,4,6.3,0,12.4,1.4683229813664596,2
761,14.32,2.61,2,6.0,0,13.9,0.1822625698324022,2
762,13.46,3.1,0,7.8,0,12.2,0.2303120356612184,2
763,7.56,5.19,0,7.1,1,19.6,0.6865079365079366,3
764,9.36,14.73,2,6.7,0,9.6,1.573717948717949,1
765,4.65,3.56,4,7.8,1,7.2,0.7655913978494623,1
766,5.48,6.77,1,7.6,1,12.7,1.2354014598540144,2
767,16.36,12.08,3,6.8,0,12.3,0.7383863080684597,2
768,14.83,7.42,0,7.5,1,19.6,0.5003371544167229,3
769,14.95,10.89,0,6.3,1,2.3,0.728428093645485,0
770,17.41,6.05,3,7.0,0,5.0,0.3475014359563469,1
771,6.84,8.21,4,6.5,1,27.8,1.2002923976608189,4
772,17.71,2.25,0,7.4,1,9.1,0.1270468661773009,1
773,19.52,6.27,4,7.0,0,17.2,0.3212090163934426,3
774,14.69,16.4,2,7.1,1,12.9,1.1164057181756295,2
775,16.42,10.55,2,7.6,0,4.2,0.6425091352009744,0
776,4.82,2.96,1,6.3,0,15.7,0.6141078838174273,3
777,12.86,14.33,1,6.0,1,22.9,1.114307931570762,4
778,1.06,11.01,4,7.6,1,1.2,10.386792452830187,0
779,18.24,14.32,2,6.1,1,14.2,0.7850877192982457,2
780,2.22,18.43,1,7.3,1,1.3,8.301801801801801,0
781,18.26,12.43,3,6.3,1,16.8,0.680722891566265,3
782,3.31,9.05,2,7.6,0,20.7,2.734138972809668,4
783,13.01,9.09,4,7.0,1,6.6,0.6986933128362798,1
784,5.19,8.64,0,7.9,1,26.3,1.6647398843930636,4
785,15.05,2.67,0,6.7,0,16.0,0.1774086378737541,3
786,4.23,16.7,3,7.6,1,2.1,3.947990543735224,0
787,5.03,2.93,0,6.3,0,2.7,0.5825049701789264,0
788,8.91,17.85,0,6.5,1,21.6,2.0033670033670035,4
789,17.65,15.7,0,6.2,1,20.1,0.8895184135977338,4
790,18.75,5.06,4,6.3,0,19.2,0.2698666666666666,3
791,7.94,9.06,4,6.2,0,6.2,1.141057934508816,1
792,8.48,10.22,2,6.2,1,1.1,1.205188679245283,0
793,13.72,5.93,1,6.8,1,19.9,0.4322157434402331,3
794,7.36,18.08,4,6.9,0,4.6,2.4565217391304346,0
795,1.06,5.62,4,6.4,1,15.0,5.30188679245283,3
796,7.94,15.7,2,6.4,1,11.7,1.9773299748110829,2
797,4.66,2.75,4,7.2,1,12.1,0.5901287553648068,2
798,10.06,12.15,4,6.6,0,13.4,1.2077534791252484,2
799,11.81,10.34,0,7.6,1,13.1,0.8755292125317528,2
800,1.26,2.23,4,7.0,1,23.8,1.7698412698412698,4
801,14.22,4.52,1,6.7,0,25.0,0.3178621659634317,4
802,15.33,8.81,0,6.0,0,24.4,0.5746901500326158,4
803,12.48,11.14,0,7.9,0,23.9,0.8926282051282052,4
804,17.53,2.18,3,6.8,0,15.1,0.1243582430119794,3
805,2.26,10.68,4,7.2,1,23.0,4.72566371681416,4
806,4.55,8.74,3,6.9,0,18.4,1.920879120879121,3
807,15.99,5.09,2,6.0,0,17.0,0.3183239524702939,3
808,13.55,18.94,0,7.2,1,13.5,1.3977859778597783,2
809,11.5,12.96,2,7.8,0,19.8,1.1269565217391304,3
810,18.16,12.83,3,7.4,0,6.2,0.7064977973568282,1
811,19.89,15.76,0,7.2,0,15.7,0.792357968828557,3
812,2.55,10.54,4,7.6,0,14.8,4.133333333333333,2
813,1.27,12.85,2,6.2,0,7.7,10.118110236220472,1
814,13.7,9.54,0,7.2,0,16.3,0.6963503649635037,3
815,4.6,4.06,2,7.2,1,16.6,0.8826086956521739,3
816,8.89,12.07,3,6.2,0,14.0,1.357705286839145,2
817,3.72,12.63,0,6.5,1,12.0,3.3951612903225805,2
818,16.16,6.14,0,6.4,0,18.4,0.3799504950495049,3
819,5.87,12.95,1,6.1,1,13.2,2.2061328790459966,2
820,11.33,11.02,2,8.0,0,6.7,0.9726390114739628,1
821,13.62,8.45,1,6.7,0,12.8,0.6204111600587371,2
822,13.16,12.04,2,7.5,1,10.9,0.9148936170212764,2
823,18.15,15.62,1,6.6,0,8.4,0.8606060606060606,1
824,4.9,7.78,3,7.7,0,8.2,1.5877551020408165,1
825,9.12,5.63,3,7.8,0,15.4,0.6173245614035088,3
826,5.32,10.96,1,6.2,0,21.0,2.0601503759398496,4
827,13.17,5.57,0,6.6,1,3.8,0.4229309035687168,0
828,6.13,4.56,0,6.5,1,16.9,0.7438825448613376,3
829,6.63,18.08,3,6.2,1,23.1,2.7269984917043737,4
830,8.27,16.55,4,7.6,0,19.0,2.0012091898428057,3
831,6.99,12.84,0,6.8,0,19.3,1.836909871244635,3
832,16.43,8.75,2,7.4,0,15.0,0.5325623858794888,3
833,12.12,12.11,1,6.8,0,18.8,0.9991749174917492,3
834,15.56,17.55,1,6.1,1,20.3,1.1278920308483291,4
835,15.06,4.34,1,7.9,0,25.8,0.2881806108897742,4
836,2.85,17.11,0,7.0,0,6.5,6.003508771929824,1
837,19.75,5.82,2,7.7,1,25.9,0.2946835443037975,4
838,2.64,6.37,0,7.5,1,21.3,2.412878787878788,4
839,6.38,3.91,3,6.6,0,8.3,0.6128526645768025,1
840,10.5,17.53,2,6.5,1,4.9,1.6695238095238096,0
841,13.53,10.03,3,7.8,1,27.0,0.7413155949741316,4
842,15.48,5.77,0,6.8,0,27.3,0.3727390180878552,4
843,9.35,5.16,4,8.0,0,4.6,0.5518716577540107,0
844,19.59,9.6,1,7.7,0,23.9,0.4900459418070444,4
845,2.57,15.69,0,7.8,1,9.0,6.105058365758755,1
846,17.49,7.41,2,7.6,0,27.0,0.4236706689536879,4
847,1.82,12.58,2,7.2,1,9.2,6.912087912087912,1
848,14.94,16.57,1,6.4,0,19.3,1.109103078982597,3
849,18.75,11.65,3,7.7,1,7.6,0.6213333333333334,1
850,5.39,14.44,1,7.9,1,14.3,2.679035250463822,2
851,8.46,9.71,1,6.4,0,16.0,1.1477541371158393,3
852,2.15,4.89,4,7.9,1,12.3,2.2744186046511627,2
853,15.07,2.11,2,7.5,1,23.5,0.1400132714001327,4
854,2.8,6.47,1,7.7,0,14.9,2.310714285714286,2
855,8.01,15.01,0,6.9,1,7.0,1.873907615480649,1
856,11.21,11.3,3,7.6,1,18.3,1.008028545941124,3
857,11.96,13.4,0,7.2,1,14.6,1.120401337792642,2
858,3.14,3.02,1,7.6,1,13.1,0.961783439490446,2
859,10.15,4.2,1,7.9,0,13.9,0.4137931034482758,2
860,8.42,7.56,0,6.9,0,11.2,0.8978622327790974,2
861,14.01,17.51,0,7.8,0,18.9,1.2498215560314063,3
862,6.91,17.27,4,7.0,0,6.2,2.499276410998553,1
863,7.52,5.42,0,6.9,1,21.9,0.7207446808510639,4
864,8.11,9.15,1,7.3,1,24.4,1.1282367447595565,4
865,15.08,2.74,4,6.8,1,18.9,0.1816976127320955,3
866,12.42,12.65,4,7.7,0,23.0,1.0185185185185186,4
867,8.05,7.97,4,7.8,1,11.0,0.9900621118012422,2
868,8.33,16.55,1,7.3,0,4.9,1.986794717887155,0
869,3.18,13.79,3,7.7,1,5.5,4.336477987421383,1
870,4.72,2.91,2,6.3,0,1.7,0.6165254237288136,0
871,5.93,3.24,1,7.5,1,20.9,0.5463743676222598,4
872,13.62,7.41,1,6.8,0,5.4,0.5440528634361234,1
873,17.46,9.34,3,7.3,1,4.5,0.5349369988545246,0
874,13.04,15.0,1,6.8,0,23.1,1.1503067484662577,4
875,13.19,9.36,4,6.9,0,15.1,0.709628506444276,3
876,18.3,17.12,3,6.6,1,11.8,0.9355191256830602,2
877,2.99,14.86,2,7.4,1,26.3,4.969899665551839,4
878,3.67,6.72,4,6.6,0,16.0,1.8310626702997277,3
879,12.8,12.96,2,7.1,0,2.0,1.0125,0
880,1.37,7.17,1,6.5,0,5.9,5.233576642335766,1
881,8.98,18.76,1,6.0,1,15.2,2.089086859688196,3
882,14.72,16.84,4,6.5,0,17.3,1.1440217391304348,3
883,6.48,11.16,3,7.0,0,10.2,1.722222222222222,2
884,8.3,13.66,1,7.3,0,21.1,1.6457831325301204,4
885,11.89,8.74,4,7.0,1,8.0,0.735071488645921,1
886,10.39,18.55,1,6.5,0,4.4,1.7853705486044271,0
887,8.05,3.53,1,8.0,1,16.0,0.4385093167701863,3
888,10.01,16.79,2,6.2,0,16.9,1.6773226773226773,3
889,7.66,16.85,4,7.8,1,3.4,2.199738903394256,0
890,13.37,10.66,4,7.2,1,25.1,0.7973074046372476,4
891,4.62,7.11,2,7.7,0,3.2,1.538961038961039,0
892,8.38,13.75,0,7.2,0,14.2,1.6408114558472553,2
893,15.35,8.41,0,6.4,0,20.0,0.5478827361563519,4
894,9.01,12.42,4,6.1,1,2.9,1.3784683684794672,0
895,13.21,9.42,3,6.7,1,1.9,0.7130961392884179,0
896,5.19,3.21,3,6.5,1,16.0,0.6184971098265896,3
897,8.82,12.45,2,6.2,0,24.4,1.41156462585034,4
898,11.76,12.44,1,6.6,1,12.3,1.0578231292517006,2
899,8.12,16.89,2,6.4,0,27.4,2.080049261083744,4
900,6.66,10.92,4,6.4,0,3.9,1.6396396396396395,0
901,2.72,5.32,4,7.7,1,22.5,1.9558823529411764,4
902,16.83,14.22,2,7.0,0,23.9,0.8449197860962568,4
903,5.86,17.55,2,6.8,1,15.3,2.9948805460750854,3
904,12.35,18.93,2,7.4,0,15.4,1.5327935222672064,3
905,1.85,14.8,1,7.7,1,2.6,8.0,0
906,16.08,17.91,4,6.5,0,7.9,1.1138059701492538,1
907,8.93,16.22,0,6.4,0,12.8,1.816349384098544,2
908,4.24,7.11,4,6.4,1,20.9,1.67688679245283,4
909,12.31,10.0,2,7.3,1,11.6,0.8123476848090982,2
910,10.21,18.83,3,6.8,1,3.6,1.8442703232125364,0
911,4.5,18.58,3,7.4,0,14.4,4.128888888888889,2
912,9.28,4.39,0,7.0,0,4.7,0.4730603448275862,0
913,6.23,13.29,1,7.3,0,1.1,2.13322632423756,0
914,15.41,11.43,2,6.9,0,25.7,0.7417261518494483,4
915,3.84,3.19,2,7.6,0,21.4,0.8307291666666666,4
916,16.31,6.38,2,6.1,0,25.9,0.3911710606989577,4
917,11.2,17.93,2,7.7,1,24.9,1.6008928571428571,4
918,1.03,2.57,4,7.0,1,20.1,2.495145631067961,4
919,4.5,5.67,3,8.0,0,5.6,1.26,1
920,4.9,2.74,2,7.8,1,22.0,0.5591836734693878,4
921,13.55,4.39,0,6.1,1,7.0,0.3239852398523984,1
922,14.44,14.8,0,7.4,0,23.0,1.0249307479224377,4
923,7.49,14.42,1,6.6,1,20.2,1.925233644859813,4
924,5.05,13.59,0,6.1,0,18.3,2.6910891089108917,3
925,4.94,13.11,2,7.0,0,18.8,2.6538461538461533,3
926,2.01,13.3,4,6.4,0,19.3,6.616915422885573,3
927,18.71,11.92,2,6.1,1,11.3,0.6370924639230358,2
928,7.12,4.38,1,7.4,0,7.6,0.6151685393258427,1
929,4.04,17.16,2,7.7,1,10.9,4.247524752475248,2
930,16.55,11.82,2,7.0,1,11.5,0.7141993957703927,2
931,4.07,6.85,4,6.8,1,24.2,1.6830466830466828,4
932,5.25,14.73,4,6.4,0,20.3,2.8057142857142856,4
933,15.47,18.01,3,6.0,0,26.2,1.1641887524240466,4
934,14.97,9.5,2,6.7,0,15.3,0.6346025384101536,3
935,7.1,5.09,3,6.7,0,17.7,0.7169014084507043,3
936,12.38,18.39,0,6.8,1,18.4,1.48546042003231,3
937,18.2,6.5,0,6.8,1,11.5,0.3571428571428571,2
938,10.32,13.57,3,7.0,0,5.4,1.314922480620155,1
939,2.7,4.53,2,7.1,1,7.1,1.6777777777777778,1
940,2.1,18.84,3,7.7,0,15.9,8.971428571428572,3
941,4.19,4.5,0,7.9,1,15.9,1.0739856801909309,3
942,18.08,7.13,2,7.8,0,5.7,0.394358407079646,1
943,10.4,3.69,0,7.8,1,10.4,0.3548076923076922,2
944,1.66,5.47,0,7.5,0,27.7,3.2951807228915664,4
945,16.04,16.42,0,6.2,1,27.1,1.023690773067332,4
946,10.32,4.71,4,6.0,0,7.7,0.4563953488372093,1
947,11.86,12.36,0,8.0,1,9.0,1.042158516020236,1
948,6.91,3.79,4,7.2,1,18.9,0.548480463096961,3
949,8.18,13.89,2,7.3,1,11.3,1.6980440097799512,2
950,3.38,5.52,1,6.2,1,26.9,1.633136094674556,4
951,3.85,12.85,1,6.1,1,4.7,3.3376623376623376,0
952,15.78,8.78,0,7.2,1,11.0,0.5564005069708492,2
953,7.39,2.67,1,6.7,0,21.2,0.3612990527740189,4
954,7.43,5.21,3,7.7,0,5.8,0.7012113055181696,1
955,15.04,2.64,4,6.1,0,17.1,0.175531914893617,3
956,14.63,12.01,3,7.5,0,20.5,0.820915926179084,4
957,9.85,7.02,2,6.1,1,5.6,0.7126903553299492,1
958,2.28,3.87,1,7.9,0,2.1,1.697368421052632,0
959,14.26,4.81,3,7.8,1,3.1,0.3373071528751753,0
960,15.0,4.04,4,7.6,1,4.2,0.2693333333333333,0
961,13.76,15.42,4,7.5,0,13.5,1.120639534883721,2
962,16.72,10.1,2,6.6,0,1.3,0.6040669856459331,0
963,6.6,16.79,1,7.1,0,3.2,2.543939393939394,0
964,10.66,17.57,2,7.9,0,5.9,1.648217636022514,1
965,5.54,10.08,2,7.5,0,13.5,1.8194945848375448,2
966,6.34,11.41,3,7.1,1,21.6,1.799684542586751,4
967,18.22,4.62,2,7.4,1,16.4,0.2535675082327113,3
968,7.51,10.7,1,7.7,1,8.9,1.4247669773635152,1
969,17.63,17.24,3,6.3,1,24.4,0.9778786159954622,4
970,19.38,5.43,3,6.9,0,19.9,0.2801857585139319,3
971,17.25,5.96,3,6.6,0,14.8,0.3455072463768115,2
972,11.07,2.73,4,6.6,1,16.7,0.2466124661246612,3
973,3.17,2.92,1,7.3,0,8.9,0.9211356466876972,1
974,10.38,2.34,0,6.3,0,27.3,0.2254335260115606,4
975,13.2,6.35,3,7.7,1,25.3,0.4810606060606061,4
976,13.55,6.24,3,6.3,1,6.4,0.4605166051660516,1
977,2.43,16.14,1,7.5,0,19.8,6.641975308641976,3
978,16.06,9.23,2,7.6,1,5.0,0.5747198007471981,1
979,19.02,15.4,0,6.5,0,25.5,0.8096740273396426,4
980,15.97,18.41,2,6.5,1,18.7,1.15278647463995,3
981,5.01,6.45,0,6.6,0,9.4,1.2874251497005988,1
982,11.92,8.78,1,6.3,0,23.7,0.7365771812080536,4
983,14.15,17.34,1,7.6,0,1.8,1.225441696113074,0
984,1.54,3.67,2,7.6,1,11.4,2.383116883116883,2
985,8.35,7.4,3,7.3,0,9.1,0.8862275449101797,1
986,18.04,16.88,2,8.0,0,16.9,0.9356984478935698,3
987,16.81,8.8,1,6.8,0,16.5,0.5234979179060084,3
988,13.72,15.24,0,7.0,0,8.0,1.1107871720116618,1
989,17.97,4.35,4,6.5,0,27.3,0.2420701168614357,4
990,7.45,15.29,2,8.0,0,2.4,2.0523489932885903,0
991,2.24,15.41,2,7.0,1,19.3,6.879464285714285,3
992,3.55,5.73,1,6.7,1,20.2,1.6140845070422538,4
993,10.48,2.14,2,7.3,0,12.8,0.2041984732824427,2
994,5.92,10.35,1,7.8,1,6.1,1.7483108108108107,1
995,14.69,18.7,1,6.7,0,20.8,1.2729748127978215,4
996,11.03,16.87,1,6.4,0,9.7,1.5294650951949231,1
997,9.08,14.03,2,6.2,1,15.5,1.5451541850220265,3
998,2.94,3.8,4,7.9,1,5.7,1.292517006802721,1
999,11.03,12.29,0,6.2,1,1.8,1.114233907524932,0
1000,2.12,13.36,4,7.4,1,23.6,6.301886792452829,4
1001,19.7,6.61,4,7.1,1,1.7,0.3355329949238579,0
1002,18.66,6.85,4,7.0,1,19.5,0.3670953912111468,3
1003,2.14,18.2,4,6.7,0,8.0,8.504672897196262,1
1004,12.59,7.8,0,7.8,1,17.0,0.6195393169181891,3
1005,13.74,17.53,1,6.4,1,5.6,1.2758369723435226,1
1006,13.75,15.41,2,7.0,0,25.4,1.1207272727272728,4
1007,16.54,11.43,4,6.1,1,24.1,0.6910519951632407,4
1008,18.65,7.17,0,6.8,1,25.4,0.3844504021447721,4
1009,10.99,5.61,4,6.2,1,6.4,0.5104640582347589,1
1010,2.97,8.88,3,6.2,1,26.7,2.98989898989899,4
1011,15.15,8.65,4,6.5,1,26.2,0.570957095709571,4
1012,10.9,10.67,3,6.8,0,17.9,0.9788990825688072,3
1013,15.62,11.88,0,6.1,1,10.9,0.7605633802816902,2
1014,19.58,13.98,1,7.9,0,20.0,0.7139938712972421,4
1015,3.4,7.69,3,7.1,1,16.5,2.261764705882353,3
1016,18.09,10.41,0,7.7,0,20.8,0.5754560530679934,4
1017,16.63,2.22,1,7.3,0,22.8,0.1334936861094408,4
1018,2.62,2.4,2,6.9,0,7.6,0.916030534351145,1
1019,3.22,6.65,0,7.6,1,1.2,2.065217391304348,0
1020,11.78,17.05,0,6.3,1,20.4,1.4473684210526316,4
1021,16.44,6.69,0,8.0,0,19.6,0.406934306569343,3
1022,12.23,8.4,1,6.9,0,17.8,0.6868356500408831,3
1023,5.14,13.71,2,6.5,1,26.6,2.667315175097277,4
1024,2.77,4.89,2,6.4,1,12.8,1.7653429602888084,2
1025,1.0,11.13,1,6.5,0,9.3,11.13,1
1026,20.0,12.18,3,6.9,1,9.2,0.609,1
1027,4.43,4.81,2,7.3,0,24.8,1.0857787810383748,4
1028,17.76,17.16,3,6.1,0,15.7,0.966216216216216,3
1029,19.54,3.01,4,6.9,0,19.6,0.154042988741044,3
1030,17.45,12.4,4,7.1,0,19.7,0.7106017191977078,3
1031,1.51,8.82,2,6.3,1,6.4,5.841059602649007,1
1032,12.23,8.07,4,6.5,1,15.5,0.659852820932134,3
1033,16.04,5.95,2,7.3,0,16.0,0.3709476309226933,3
1034,9.13,18.39,1,7.5,0,4.2,2.0142387732749176,0
1035,9.04,13.37,3,6.4,1,12.7,1.478982300884956,2
1036,11.61,17.52,0,6.8,1,9.2,1.5090439276485788,1
1037,14.34,3.93,1,7.2,0,1.0,0.2740585774058577,0
1038,18.56,9.89,1,7.9,0,6.4,0.5328663793103449,1
1039,19.46,6.61,4,6.9,1,13.6,0.3396711202466598,2
1040,11.26,10.53,1,6.8,0,26.8,0.9351687388987566,4
1041,7.95,3.04,4,7.1,1,20.7,0.3823899371069182,4
1042,17.92,3.66,2,6.5,1,16.2,0.2042410714285714,3
1043,10.2,17.12,0,7.2,1,25.0,1.67843137254902,4
1044,8.92,15.81,0,6.7,1,16.4,1.7724215246636772,3
1045,9.75,6.93,2,6.4,1,2.7,0.7107692307692307,0
1046,20.0,17.61,2,7.4,0,13.5,0.8805,2
1047,7.0,10.57,2,7.4,0,8.3,1.51,1
1048,7.1,11.63,4,6.6,1,22.2,1.6380281690140848,4
1049,8.16,8.6,0,7.3,1,1.2,1.053921568627451,0
1050,8.82,6.88,2,6.1,0,27.2,0.7800453514739228,4
1051,1.33,9.64,4,7.7,1,17.1,7.248120300751879,3
1052,10.33,15.34,3,7.1,1,15.8,1.4849951597289448,3
1053,17.1,5.76,0,7.3,0,7.9,0.3368421052631578,1
1054,1.09,16.13,1,6.0,0,19.6,14.798165137614676,3
1055,13.3,6.42,2,6.0,1,17.5,0.4827067669172932,3
1056,11.9,5.88,2,7.6,1,13.8,0.4941176470588235,2
1057,13.84,7.24,4,6.6,1,16.9,0.523121387283237,3
1058,1.51,18.56,1,8.0,0,16.0,12.29139072847682,3
1059,12.87,14.83,3,6.6,0,27.4,1.1522921522921523,4
1060,14.25,16.23,3,7.1,1,17.9,1.1389473684210527,3
1061,18.4,14.23,1,6.5,0,18.8,0.7733695652173914,3
1062,17.78,4.91,4,7.2,0,14.4,0.2761529808773903,2
1063,4.69,15.64,2,6.3,0,2.4,3.3347547974413643,0
1064,16.3,17.58,2,6.9,0,26.5,1.078527607361963,4
1065,5.92,9.55,2,7.4,0,23.3,1.613175675675676,4
1066,18.06,10.0,0,6.4,1,26.2,0.5537098560354374,4
1067,19.98,10.1,3,6.8,0,10.3,0.5055055055055054,2
1068,8.89,8.71,4,7.1,0,5.6,0.9797525309336332,1
1069,18.51,11.63,3,6.4,1,7.0,0.628309022150189,1
1070,4.88,10.82,1,6.1,0,17.6,2.2172131147540983,3
1071,17.89,9.09,3,7.8,1,5.6,0.5081050866405813,1
1072,13.02,8.68,3,7.7,1,10.9,0.6666666666666666,2
1073,13.44,12.74,2,7.0,0,21.6,0.9479166666666669,4
1074,11.9,4.13,4,6.6,1,16.7,0.3470588235294117,3
1075,16.9,2.99,2,6.9,1,1.8,0.1769230769230769,0
1076,15.27,11.54,1,6.2,1,22.0,0.7557301899148657,4
1077,18.2,17.83,1,7.5,0,6.2,0.9796703296703296,1
1078,3.04,12.11,2,6.1,0,16.5,3.9835526315789473,3
1079,8.63,3.7,1,6.3,1,8.5,0.4287369640787948,1
1080,13.3,3.81,4,6.9,0,25.5,0.2864661654135338,4
1081,4.39,2.44,4,6.9,0,19.4,0.5558086560364465,3
1082,16.96,17.1,0,7.4,0,8.5,1.008254716981132,1
1083,11.07,14.62,0,6.9,0,22.5,1.320686540198735,4
1084,3.55,13.69,1,6.4,1,8.5,3.8563380281690143,1
1085,3.99,10.51,2,7.9,0,27.1,2.634085213032581,4
1086,11.17,8.89,1,6.8,0,20.4,0.7958818263205014,4
1087,9.45,6.57,0,6.1,1,9.8,0.6952380952380953,1
1088,5.37,8.43,1,6.2,0,19.9,1.5698324022346368,3
1089,7.56,7.8,0,6.0,0,4.8,1.031746031746032,0
1090,18.19,17.55,3,7.4,0,24.8,0.964815832875206,4
1091,1.12,5.94,2,6.2,1,18.0,5.303571428571429,3
1092,18.13,14.35,1,6.7,1,4.8,0.7915057915057915,0
1093,10.19,3.92,4,6.1,0,24.8,0.3846908734052993,4
1094,8.66,14.15,4,6.9,1,5.2,1.6339491916859123,1
1095,16.44,10.09,3,6.8,0,16.9,0.6137469586374695,3
1096,9.57,13.21,4,7.1,1,19.1,1.380355276907001,3
1097,16.89,10.94,2,6.3,1,8.4,0.6477205447010065,1
1098,13.45,4.73,3,7.5,1,18.1,0.3516728624535316,3
1099,5.85,18.68,0,6.7,1,21.6,3.1931623931623934,4
1100,5.32,2.27,1,7.4,0,2.9,0.4266917293233082,0
1101,8.98,13.67,0,7.6,1,23.0,1.5222717149220488,4
1102,16.08,14.27,0,6.6,0,22.8,0.8874378109452737,4
1103,10.98,11.99,4,7.4,0,9.9,1.0919854280510015,1
1104,18.05,6.84,3,6.4,1,16.2,0.3789473684210526,3
1105,5.15,18.08,0,6.6,0,3.5,3.510679611650485,0
1106,14.62,11.41,2,7.0,1,12.1,0.7804377564979481,2
1107,13.54,8.3,2,7.5,0,3.6,0.6129985228951257,0
1108,17.03,10.07,3,6.4,0,17.0,0.5913094539048738,3
1109,18.21,16.81,4,7.3,1,22.8,0.9231191652937945,4
1110,11.86,8.72,4,7.4,1,12.6,0.7352445193929175,2
1111,1.69,8.25,1,6.6,1,5.6,4.881656804733728,1
1112,10.39,9.83,0,7.0,1,11.6,0.946102021174206,2
1113,2.9,2.59,2,6.5,1,9.1,0.8931034482758621,1
1114,10.89,16.75,2,7.2,0,9.8,1.5381083562901745,1
1115,8.46,10.61,2,6.9,0,20.1,1.2541371158392434,4
1116,18.35,3.25,3,7.4,0,6.0,0.1771117166212533,1
1117,11.86,13.67,0,6.3,0,14.8,1.1526138279932547,2
1118,15.09,16.04,2,7.7,1,9.7,1.0629555997349238,1
1119,18.51,5.41,1,6.6,0,5.2,0.2922744462452728,1
1120,19.01,17.49,2,7.0,0,9.8,0.9200420831141504,1
1121,11.9,11.26,2,7.5,0,8.8,0.946218487394958,1
1122,11.33,16.96,0,6.7,1,22.3,1.496910856134157,4
1123,11.7,15.79,1,7.4,1,6.7,1.3495726495726497,1
1124,12.11,7.22,1,7.9,0,23.2,0.5962014863748968,4
1125,3.17,8.13,2,7.0,1,24.4,2.564668769716089,4
1126,14.79,6.61,4,7.6,1,28.0,0.4469235970250169,4
1127,18.01,13.65,1,6.4,1,9.2,0.7579122709605774,1
1128,10.16,17.29,1,6.9,0,10.3,1.701771653543307,2
1129,8.68,4.33,3,7.9,0,21.6,0.4988479262672811,4
1130,8.06,10.36,4,6.6,1,17.9,1.2853598014888337,3
1131,12.65,18.27,4,7.0,1,24.3,1.4442687747035572,4
1132,8.07,10.88,4,7.1,1,23.7,1.3482032218091695,4
1133,7.11,5.02,2,6.1,0,16.9,0.7060478199718705,3
1134,16.03,2.4,1,6.5,0,25.3,0.1497192763568309,4
1135,13.29,7.37,1,6.1,0,4.0,0.5545522949586156,0
1136,5.79,13.09,4,6.2,0,14.2,2.2607944732297063,2
1137,15.88,8.01,3,7.4,1,24.9,0.5044080604534005,4
1138,7.52,10.19,0,8.0,1,12.1,1.3550531914893618,2
1139,2.68,13.45,2,8.0,1,5.0,5.01865671641791,1
1140,6.76,12.11,1,6.2,1,17.6,1.7914201183431953,3
1141,1.29,17.13,0,6.1,1,20.9,13.27906976744186,4
1142,11.87,3.8,0,7.5,0,17.7,0.3201347935973041,3
1143,3.81,16.36,0,7.5,1,16.8,4.293963254593176,3
1144,15.45,17.24,0,6.9,1,4.7,1.1158576051779934,0
1145,18.07,18.06,3,6.6,0,18.8,0.9994465965688988,3
1146,6.48,8.34,3,6.0,1,26.6,1.287037037037037,4
1147,18.67,10.9,1,6.2,0,11.9,0.5838243170862346,2
1148,4.64,7.18,3,7.2,1,6.5,1.5474137931034484,1
1149,13.58,18.84,3,7.3,0,17.4,1.387334315169367,3
1150,14.63,5.16,2,7.9,0,13.4,0.3526999316473,2
1151,17.15,11.26,0,6.6,1,22.9,0.6565597667638484,4
1152,1.03,9.9,3,6.4,1,3.3,9.611650485436892,0
1153,9.6,12.52,3,6.3,0,3.1,1.3041666666666667,0
1154,6.29,18.89,4,6.6,1,7.5,3.003179650238474,1
1155,18.29,11.21,3,7.3,0,2.0,0.6129032258064517,0
1156,6.55,4.24,3,7.0,1,27.3,0.6473282442748092,4
1157,15.93,16.99,1,6.7,0,5.4,1.066541117388575,1
1158,9.68,8.72,0,7.8,1,25.2,0.9008264462809918,4
1159,16.71,9.54,2,7.7,0,4.8,0.570915619389587,0
1160,3.06,15.01,1,6.5,1,4.3,4.905228758169934,0
1161,16.92,9.71,4,6.4,0,23.9,0.5738770685579196,4
1162,14.87,8.84,1,7.8,1,9.1,0.5944855413584398,1
1163,7.39,5.93,3,6.7,1,21.8,0.8024357239512855,4
1164,12.5,4.61,2,6.3,0,8.6,0.3688,1
1165,19.53,13.57,3,7.2,0,5.4,0.6948284690220173,1
1166,4.95,17.1,3,6.7,0,26.7,3.4545454545454546,4
1167,5.79,13.01,3,7.4,1,9.5,2.2469775474956823,1
1168,7.98,14.29,0,6.3,1,22.8,1.7907268170426065,4
1169,13.27,10.75,4,6.1,1,23.8,0.810097965335343,4
1170,8.61,13.23,3,7.5,1,18.2,1.5365853658536588,3
1171,1.66,5.32,4,7.8,0,10.9,3.204819277108434,2
1172,14.9,2.87,0,7.4,0,15.0,0.1926174496644295,3
1173,14.53,11.2,3,6.3,1,21.3,0.7708189951823813,4
1174,19.65,11.77,4,6.3,0,23.8,0.5989821882951654,4
1175,3.2,13.55,4,7.4,1,15.2,4.234375,3
1176,18.65,10.42,4,7.4,0,11.7,0.5587131367292225,2
1177,14.47,18.56,1,7.7,1,8.6,1.282653766413269,1
1178,3.75,6.79,0,7.2,0,19.7,1.8106666666666664,3
1179,1.72,8.98,3,6.6,1,25.6,5.22093023255814,4
1180,4.37,16.16,1,6.9,0,13.5,3.6979405034324944,2
1181,5.7,6.15,1,6.1,0,15.7,1.0789473684210529,3
1182,16.38,8.91,3,7.0,0,20.2,0.543956043956044,4
1183,8.86,10.67,2,6.5,0,3.6,1.2042889390519187,0
1184,3.01,14.17,0,6.1,0,17.0,4.70764119601329,3
1185,1.37,18.86,2,6.8,1,27.2,13.766423357664232,4
1186,16.21,2.51,0,7.9,1,3.2,0.1548426896977174,0
1187,1.96,11.56,1,6.5,0,4.9,5.8979591836734695,0
1188,15.27,8.51,4,6.8,1,7.4,0.5573018991486575,1
1189,3.12,17.14,3,7.2,1,1.4,5.493589743589744,0
1190,6.77,8.0,0,7.7,1,25.9,1.1816838995568686,4
1191,1.01,8.2,4,6.3,0,12.2,8.118811881188119,2
1192,19.26,5.69,4,7.8,0,27.3,0.2954309449636552,4
1193,11.75,13.91,1,6.8,0,11.1,1.1838297872340426,2
1194,12.55,14.42,0,7.0,1,8.8,1.149003984063745,1
1195,17.67,11.7,1,7.8,1,13.6,0.6621392190152801,2
1196,2.25,14.08,4,6.2,1,17.1,6.257777777777778,3
1197,9.33,15.45,4,7.0,1,19.5,1.6559485530546625,3
1198,17.61,5.56,2,6.8,1,27.1,0.3157296990346394,4
1199,3.28,5.1,3,7.8,1,4.4,1.554878048780488,0
1200,14.51,17.35,0,6.1,1,3.4,1.1957270847691248,0
1201,17.1,6.25,0,6.2,0,1.3,0.3654970760233917,0
1202,18.64,16.74,1,6.7,0,18.0,0.8980686695278969,3
1203,13.77,5.66,0,6.2,0,4.9,0.411038489469862,0
1204,4.24,17.73,0,7.8,1,17.1,4.181603773584905,3
1205,13.69,7.55,2,6.4,1,14.4,0.5514974433893353,2
1206,18.38,10.63,1,7.3,1,2.2,0.5783460282916214,0
1207,18.54,17.31,1,7.5,1,20.3,0.9336569579288024,4
1208,12.84,12.82,4,7.7,1,2.4,0.9984423676012462,0
1209,13.46,14.23,0,7.4,1,16.9,1.0572065378900446,3
1210,19.15,3.61,4,6.1,0,19.7,0.1885117493472585,3
1211,8.84,17.48,1,8.0,1,9.8,1.97737556561086,1
1212,6.12,2.02,3,7.5,1,13.2,0.3300653594771242,2
1213,14.86,7.42,1,7.8,1,26.4,0.4993270524899058,4
1214,7.68,3.21,0,6.4,0,1.1,0.41796875,0
1215,6.44,12.49,1,7.1,1,11.1,1.93944099378882,2
1216,19.47,5.66,1,6.3,1,14.8,0.2907036466358501,2
1217,3.58,5.64,0,6.6,1,12.4,1.5754189944134076,2
1218,4.7,14.78,0,7.2,1,15.9,3.1446808510638293,3
1219,11.41,11.55,3,7.8,1,22.4,1.012269938650307,4
1220,1.24,12.55,1,7.8,0,7.7,10.120967741935484,1
1221,19.83,16.86,1,6.1,0,21.0,0.8502269288956128,4
1222,4.52,10.32,0,7.9,1,14.1,2.283185840707965,2
1223,6.51,11.78,1,7.7,1,26.3,1.809523809523809,4
1224,11.86,5.54,2,7.8,1,11.8,0.4671163575042159,2
1225,4.04,9.99,2,6.2,1,21.3,2.472772277227723,4
1226,10.18,8.74,3,6.8,0,1.7,0.8585461689587427,0
1227,19.39,12.11,1,7.9,0,16.8,0.6245487364620939,3
1228,7.61,12.72,3,6.8,1,19.8,1.671484888304862,3
1229,18.25,6.37,3,7.9,0,11.3,0.349041095890411,2
1230,13.94,3.43,4,6.8,0,8.3,0.2460545193687231,1
1231,7.72,10.93,4,6.9,1,8.8,1.41580310880829,1
1232,5.25,14.45,3,6.4,0,5.3,2.7523809523809524,1
1233,11.29,3.0,4,7.6,0,23.1,0.2657218777679362,4
1234,5.17,3.52,1,7.0,1,23.2,0.6808510638297872,4
1235,11.87,17.61,1,7.2,1,5.3,1.483572030328559,1
1236,12.63,3.08,3,7.0,0,4.6,0.2438638163103721,0
1237,19.8,17.21,2,6.0,0,5.4,0.8691919191919192,1
1238,16.8,11.55,0,7.0,1,22.0,0.6875,4
1239,14.73,11.99,4,7.4,1,15.8,0.8139850644942295,3
1240,9.88,12.1,1,6.8,1,10.8,1.2246963562753037,2
1241,10.47,15.53,1,7.6,1,21.8,1.4832855778414515,4
1242,5.85,12.57,4,8.0,0,23.1,2.148717948717949,4
1243,16.92,13.54,1,6.1,0,19.5,0.8002364066193852,3
1244,7.21,17.41,4,7.9,1,13.8,2.414701803051317,2
1245,18.22,7.41,0,6.1,0,11.1,0.406695938529089,2
1246,6.45,13.78,2,7.4,0,24.6,2.136434108527132,4
1247,18.67,6.32,1,6.3,1,5.8,0.3385109801821103,1
1248,14.25,5.89,3,6.1,1,23.2,0.4133333333333333,4
1249,13.02,13.71,2,7.7,1,6.7,1.0529953917050692,1
1250,2.5,6.13,0,6.2,1,1.9,2.452,0
1251,4.46,2.28,2,6.3,1,3.1,0.5112107623318385,0
1252,12.06,10.98,3,6.0,0,19.1,0.9104477611940298,3
1253,13.83,13.44,3,7.7,0,27.8,0.9718004338394792,4
1254,6.53,4.16,4,7.1,0,9.9,0.6370597243491577,1
1255,2.36,6.35,1,6.6,1,15.2,2.690677966101695,3
1256,17.07,16.43,0,7.8,0,8.0,0.9625073227885178,1
1257,6.02,13.7,3,7.5,1,21.9,2.275747508305648,4
1258,12.86,8.09,1,7.2,1,23.1,0.6290824261275272,4
1259,12.29,10.95,3,7.0,1,19.6,0.8909682668836453,3
1260,1.32,10.75,3,6.8,1,17.3,8.143939393939393,3
1261,9.78,18.17,2,6.8,0,18.2,1.857873210633947,3
1262,19.34,14.44,0,7.8,1,1.7,0.7466390899689762,0
1263,1.59,9.19,0,7.9,0,2.8,5.779874213836478,0
1264,15.83,8.45,3,6.2,0,8.3,0.5337965887555274,1
1265,1.74,16.76,4,7.3,0,11.1,9.632183908045976,2
1266,12.22,4.43,4,7.9,0,25.4,0.362520458265139,4
1267,15.56,3.13,4,6.9,0,11.7,0.2011568123393316,2
1268,18.0,15.31,1,6.5,0,21.4,0.8505555555555556,4
1269,1.37,16.37,3,7.2,0,18.9,11.94890510948905,3
1270,13.0,2.98,2,6.9,1,19.8,0.2292307692307692,3
1271,9.75,18.54,4,7.0,1,21.1,1.9015384615384612,4
1272,12.54,16.23,3,7.6,0,16.4,1.2942583732057418,3
1273,8.0,7.87,2,8.0,1,20.8,0.98375,4
1274,4.62,4.3,0,8.0,0,21.5,0.9307359307359306,4
1275,12.24,18.55,1,7.5,1,21.4,1.5155228758169934,4
1276,2.78,15.61,0,7.4,1,11.6,5.615107913669065,2
1277,10.07,18.96,4,7.9,1,22.7,1.8828202581926516,4
1278,3.29,16.16,4,6.8,0,25.4,4.911854103343465,4
1279,2.63,17.75,3,6.9,0,17.8,6.749049429657795,3
1280,7.97,8.32,4,6.8,1,27.7,1.0439146800501882,4
1281,18.93,2.39,3,7.8,1,12.3,0.1262546222926571,2
1282,4.74,15.92,3,6.6,1,6.6,3.358649789029536,1
1283,10.61,15.66,4,7.2,0,3.3,1.4759660697455232,0
1284,18.03,8.98,4,7.6,0,22.0,0.4980587909040488,4
1285,15.0,3.85,2,7.1,1,7.0,0.2566666666666666,1
1286,2.88,7.28,3,6.3,1,13.9,2.527777777777778,2
1287,5.24,10.67,4,6.6,0,4.9,2.036259541984733,0
1288,16.99,4.26,3,6.5,1,15.1,0.2507357268981754,3
1289,9.47,9.49,1,8.0,0,5.1,1.0021119324181629,1
1290,16.51,16.07,0,6.2,1,18.8,0.9733494851605088,3
1291,15.98,16.96,3,6.5,0,23.9,1.0613266583229035,4
1292,4.65,11.3,1,7.7,1,15.1,2.4301075268817205,3
1293,7.01,7.04,3,6.5,1,3.7,1.0042796005706134,0
1294,4.58,9.95,4,7.4,0,18.8,2.1724890829694323,3
1295,16.81,2.63,0,6.8,0,6.8,0.156454491374182,1
1296,15.21,5.33,1,6.1,0,23.4,0.3504273504273504,4
1297,19.39,18.41,3,6.5,1,1.8,0.9494584837545126,0
1298,3.58,9.52,0,6.4,1,3.5,2.659217877094972,0
1299,16.43,6.16,0,7.5,0,16.2,0.3749239196591601,3
1300,7.02,11.68,0,7.4,1,22.1,1.6638176638176638,4
1301,2.45,12.53,3,6.4,1,21.7,5.114285714285714,4
1302,3.56,5.8,3,7.1,0,12.5,1.6292134831460674,2
1303,8.61,15.52,1,6.2,1,11.8,1.802555168408827,2
1304,17.48,11.1,3,6.5,1,13.6,0.6350114416475973,2
1305,3.67,9.66,1,6.8,1,26.1,2.6321525885558583,4
1306,12.16,17.99,0,6.8,1,25.2,1.479440789473684,4
1307,11.25,4.18,2,6.6,0,17.3,0.3715555555555555,3
1308,14.91,3.02,4,8.0,0,21.9,0.2025486250838363,4
1309,1.25,15.86,3,7.3,0,19.1,12.688,3
1310,16.56,13.4,4,7.6,0,15.3,0.8091787439613527,3
1311,9.8,5.39,3,6.9,1,17.6,0.5499999999999999,3
1312,9.23,8.33,0,8.0,1,18.7,0.9024918743228602,3
1313,3.72,6.48,4,6.6,1,15.9,1.7419354838709675,3
1314,4.68,10.31,1,6.5,0,8.7,2.202991452991453,1
1315,13.29,14.79,1,6.8,1,3.0,1.1128668171557563,0
1316,10.36,5.0,0,7.3,1,14.8,0.4826254826254826,2
1317,15.68,3.04,3,7.1,1,7.9,0.1938775510204081,1
1318,10.55,9.61,4,7.7,0,24.1,0.9109004739336491,4
1319,10.27,8.74,2,7.0,1,14.7,0.8510223953261928,2
1320,13.16,3.42,3,7.6,1,7.1,0.2598784194528875,1
1321,9.91,7.43,3,6.9,1,12.0,0.7497477295660948,2
1322,3.63,11.47,0,6.3,0,15.4,3.159779614325069,3
1323,3.9,8.63,1,7.7,1,5.6,2.212820512820513,1
1324,3.39,6.06,0,7.7,1,18.2,1.7876106194690264,3
1325,18.04,18.36,2,7.0,0,18.9,1.017738359201774,3
1326,17.06,11.13,2,6.5,1,7.6,0.6524032825322392,1
1327,7.43,10.42,4,6.6,0,22.0,1.4024226110363391,4
1328,11.77,4.72,3,6.2,1,21.9,0.4010195412064571,4
1329,10.23,15.84,1,6.2,1,22.0,1.5483870967741935,4
1330,19.89,17.16,1,7.5,0,3.5,0.8627450980392156,0
1331,9.94,16.81,4,7.9,0,24.2,1.6911468812877264,4
1332,5.89,14.7,3,8.0,1,23.3,2.495755517826825,4
1333,11.68,3.11,0,6.3,1,26.1,0.2662671232876712,4
1334,16.96,10.33,1,6.2,0,4.1,0.6090801886792453,0
1335,11.79,4.31,0,7.2,0,9.0,0.3655640373197625,1
1336,19.01,9.3,1,6.9,0,3.6,0.4892162019989479,0
1337,12.21,13.58,1,7.0,0,24.2,1.1122031122031122,4
1338,11.12,15.08,0,7.5,0,16.3,1.356115107913669,3
1339,17.88,15.6,1,6.9,0,19.9,0.8724832214765101,3
1340,15.17,8.71,3,7.5,1,13.1,0.5741595253790376,2
1341,12.84,17.25,0,6.8,1,5.0,1.3434579439252337,1
1342,7.79,18.05,2,6.4,1,24.4,2.317073170731708,4
1343,14.78,2.19,3,8.0,1,12.5,0.1481732070365358,2
1344,12.37,14.42,2,6.5,0,22.9,1.1657235246564268,4
1345,2.01,12.09,1,6.4,1,5.8,6.014925373134329,1
1346,7.33,14.71,1,7.4,0,3.7,2.006821282401092,0
1347,6.69,17.48,3,7.3,0,14.6,2.6128550074738413,2
1348,11.99,9.64,1,7.6,0,8.3,0.8040033361134279,1
1349,8.95,14.91,3,6.8,1,12.5,1.6659217877094974,2
1350,15.52,15.64,3,7.1,1,23.0,1.0077319587628866,4
1351,1.48,12.37,4,6.0,1,24.8,8.358108108108107,4
1352,1.68,12.96,4,7.7,0,13.9,7.714285714285715,2
1353,5.38,10.44,2,6.5,0,20.1,1.9405204460966543,4
1354,6.96,14.8,2,7.6,0,13.2,2.126436781609196,2
1355,4.65,4.17,3,7.6,0,25.3,0.896774193548387,4
1356,19.25,5.45,0,7.0,0,7.0,0.2831168831168831,1
1357,13.12,9.86,1,7.6,0,12.7,0.7515243902439025,2
1358,5.97,9.72,3,7.2,0,21.1,1.628140703517588,4
1359,14.06,5.92,2,7.4,0,13.2,0.4210526315789473,2
1360,14.91,17.34,4,7.1,1,4.4,1.1629778672032194,0
1361,18.69,4.94,1,6.1,0,21.5,0.2643124665596575,4
1362,15.35,10.2,3,6.3,0,22.7,0.6644951140065146,4
1363,8.0,15.69,0,7.8,1,24.4,1.96125,4
1364,19.08,16.45,0,6.5,0,16.7,0.8621593291404612,3
1365,16.06,17.14,4,6.9,0,27.6,1.0672478206724785,4
1366,18.39,7.7,3,7.2,1,7.7,0.4187058183795541,1
1367,17.67,5.17,1,7.7,1,24.0,0.2925863044708545,4
1368,8.31,6.7,2,7.1,1,20.0,0.8062575210589651,4
1369,13.44,4.83,4,7.7,1,19.4,0.359375,3
1370,11.69,10.0,2,6.2,0,9.4,0.8554319931565441,1
1371,4.84,12.41,2,7.0,1,14.3,2.56404958677686,2
1372,6.16,17.88,1,7.0,0,15.5,2.902597402597402,3
1373,10.92,11.52,0,7.3,0,25.4,1.054945054945055,4
1374,4.33,15.97,0,6.4,0,18.1,3.6882217090069287,3
1375,6.1,17.44,0,7.2,1,26.2,2.859016393442624,4
1376,7.16,17.48,0,6.7,1,27.4,2.441340782122905,4
1377,6.18,9.12,1,7.2,0,1.6,1.4757281553398058,0
1378,6.14,8.66,1,6.8,0,21.8,1.4104234527687298,4
1379,2.26,9.34,4,6.2,0,12.3,4.132743362831858,2
1380,10.64,2.93,1,6.1,0,2.4,0.275375939849624,0
1381,13.57,5.48,4,6.1,1,9.9,0.4038319823139278,1
1382,5.95,10.83,4,7.6,0,6.1,1.8201680672268907,1
1383,13.11,9.1,0,7.3,0,13.5,0.6941266209000763,2
1384,6.91,10.47,3,7.2,1,5.8,1.5151953690303908,1
1385,9.86,6.71,0,6.7,1,3.2,0.68052738336714,0
1386,16.72,16.58,2,7.8,1,18.2,0.9916267942583732,3
1387,8.3,8.29,1,7.1,1,25.4,0.9987951807228914,4
1388,7.23,5.57,1,6.7,0,4.9,0.7704011065006916,0
1389,1.21,3.16,0,6.3,1,21.4,2.6115702479338845,4
1390,2.79,8.27,0,7.8,1,4.5,2.96415770609319,0
1391,2.01,5.98,0,7.7,0,11.9,2.975124378109453,2
1392,7.44,14.5,0,7.6,0,18.8,1.9489247311827955,3
1393,6.77,7.75,0,6.0,1,22.9,1.1447562776957163,4
1394,1.47,11.92,1,7.8,1,2.3,8.108843537414966,0
1395,7.85,5.11,1,6.6,0,9.3,0.6509554140127389,1
1396,19.13,16.99,1,6.7,1,19.5,0.8881338212232096,3
1397,16.09,5.25,1,6.1,0,7.2,0.3262896208825357,1
1398,11.9,8.07,2,7.6,1,16.3,0.6781512605042017,3
1399,6.27,13.99,2,7.3,0,25.2,2.2312599681020737,4
1400,5.86,14.24,3,7.6,0,23.5,2.4300341296928325,4
1401,3.15,3.61,2,6.6,0,22.5,1.146031746031746,4
1402,1.14,12.55,4,6.8,0,23.5,11.008771929824563,4
1403,15.94,12.51,1,7.8,0,13.8,0.7848180677540778,2
1404,19.16,2.21,0,7.7,1,12.9,0.1153444676409185,2
1405,8.76,5.07,0,7.5,1,8.6,0.5787671232876713,1
1406,5.71,13.44,4,6.7,0,13.4,2.3537653239929948,2
1407,11.69,3.81,2,6.8,0,4.3,0.3259195893926433,0
1408,12.69,14.44,3,7.2,1,23.5,1.1379038613081167,4
1409,13.61,5.91,4,7.7,0,1.8,0.4342395297575313,0
1410,7.08,12.06,0,7.7,0,10.8,1.7033898305084747,2
1411,6.89,5.3,0,7.9,1,2.1,0.7692307692307693,0
1412,12.94,12.29,2,6.2,0,26.2,0.9497681607418856,4
1413,18.11,16.75,4,8.0,1,3.0,0.924903368304804,0
1414,1.24,7.47,0,6.0,1,20.7,6.024193548387097,4
1415,9.12,5.85,2,7.8,1,20.2,0.6414473684210527,4
1416,1.4,9.37,4,7.3,1,18.1,6.692857142857143,3
1417,3.47,8.72,0,6.9,0,11.8,2.512968299711816,2
1418,14.17,3.42,3,7.6,1,8.6,0.2413549752999294,1
1419,5.89,16.36,0,6.9,1,6.0,2.7775891341256367,1
1420,16.43,9.6,0,6.6,1,10.2,0.584297017650639,2
1421,2.83,3.34,3,6.1,1,21.9,1.1802120141342756,4
1422,10.47,13.14,3,7.3,0,1.2,1.2550143266475644,0
1423,2.81,13.41,0,6.8,0,20.2,4.772241992882562,4
1424,2.08,16.08,0,7.1,1,10.6,7.73076923076923,2
1425,8.39,18.73,2,6.6,1,24.0,2.2324195470798567,4
1426,7.0,7.73,3,7.8,1,17.2,1.1042857142857143,3
1427,18.51,14.99,2,7.9,1,23.9,0.8098325229605619,4
1428,14.67,6.83,2,6.7,0,25.5,0.4655760054533061,4
1429,15.6,7.95,2,7.4,0,24.1,0.5096153846153847,4
1430,16.14,18.29,0,7.2,1,6.9,1.1332094175960346,1
1431,12.51,10.75,3,6.5,1,18.1,0.859312549960032,3
1432,11.19,16.84,4,7.7,1,4.8,1.5049151027703307,0
1433,3.02,5.41,3,6.8,1,23.4,1.7913907284768211,4
1434,7.82,4.93,4,7.1,1,19.3,0.6304347826086956,3
1435,16.05,16.66,1,7.0,1,12.3,1.038006230529595,2
1436,14.78,4.37,0,7.6,0,2.8,0.2956698240866035,0
1437,13.58,15.11,2,7.0,0,16.2,1.112665684830633,3
1438,8.2,3.94,0,7.5,0,21.6,0.4804878048780488,4
1439,7.03,3.46,1,7.0,1,21.6,0.492176386913229,4
1440,6.35,7.46,4,6.0,0,14.6,1.1748031496062992,2
1441,16.57,4.22,1,6.6,1,6.2,0.2546771273385636,1
1442,16.8,12.48,4,6.5,0,22.9,0.7428571428571429,4
1443,18.02,14.19,4,7.9,1,15.7,0.7874583795782464,3
1444,11.96,15.25,2,7.5,1,16.6,1.2750836120401337,3
1445,11.35,10.0,1,6.7,1,14.7,0.881057268722467,2
1446,11.51,10.92,3,7.4,1,27.5,0.94874022589053,4
1447,7.41,12.08,4,6.0,1,2.6,1.630229419703104,0
1448,4.99,4.31,2,6.5,0,2.1,0.8637274549098195,0
1449,6.01,6.39,3,6.9,0,5.7,1.0632279534109816,1
1450,4.72,12.2,2,6.6,0,1.5,2.584745762711864,0
1451,18.79,6.1,2,7.2,0,19.9,0.3246407663650878,3
1452,6.17,12.93,1,7.5,0,1.3,2.095623987034036,0
1453,17.16,8.4,0,6.8,0,14.2,0.4895104895104895,2
1454,19.17,14.73,4,6.6,1,24.3,0.7683881064162754,4
1455,14.2,13.58,1,6.4,0,7.0,0.956338028169014,1
1456,19.72,17.53,2,6.7,1,25.4,0.8889452332657202,4
1457,17.84,4.91,1,7.3,0,4.9,0.2752242152466367,0
1458,19.51,18.45,4,7.2,0,24.2,0.9456688877498718,4
1459,5.32,10.99,0,6.2,0,2.8,2.0657894736842106,0
1460,8.57,6.38,0,6.5,1,4.8,0.7444574095682613,0
1461,2.41,17.19,2,7.8,1,4.4,7.132780082987552,0
1462,16.77,7.4,2,6.4,1,9.0,0.4412641621943948,1
1463,17.3,2.03,1,7.7,1,5.8,0.1173410404624277,1
1464,16.59,15.6,1,7.0,1,13.9,0.9403254972875226,2
1465,3.27,5.72,1,6.9,0,12.3,1.7492354740061162,2
1466,1.61,4.03,4,7.3,1,5.9,2.503105590062112,1
1467,6.24,10.46,2,7.4,1,3.1,1.676282051282051,0
1468,18.81,2.31,2,7.7,1,10.3,0.1228070175438596,2
1469,14.65,17.51,3,6.1,0,5.5,1.195221843003413,1
1470,6.3,14.24,0,6.6,1,10.1,2.2603174603174603,2
1471,4.31,8.74,2,6.1,0,26.8,2.02784222737819,4
1472,10.92,18.66,2,6.1,0,1.8,1.7087912087912087,0
1473,19.19,5.77,3,7.2,1,9.1,0.3006774361646691,1
1474,14.13,17.46,3,6.9,0,9.2,1.2356687898089171,1
1475,13.41,9.15,3,6.4,1,8.7,0.6823266219239373,1
1476,1.54,2.51,1,7.7,1,2.9,1.6298701298701297,0
1477,14.33,11.01,3,7.2,0,3.1,0.7683182135380321,0
1478,16.9,18.39,3,7.7,0,17.4,1.0881656804733728,3
1479,11.76,11.44,3,7.2,0,6.3,0.9727891156462584,1
1480,1.39,10.21,4,6.3,1,3.4,7.345323741007196,0
1481,5.34,12.44,4,6.2,1,18.1,2.3295880149812733,3
1482,5.53,15.14,0,7.1,1,2.6,2.7377938517179023,0
1483,3.45,5.26,1,7.1,1,3.0,1.5246376811594202,0
1484,1.71,13.12,0,6.8,0,15.2,7.67251461988304,3
1485,7.65,10.57,0,7.4,1,20.2,1.3816993464052287,4
1486,15.59,11.94,1,7.0,1,14.6,0.7658755612572161,2
1487,16.13,18.18,4,7.7,1,14.3,1.1270923744575323,2
1488,14.34,6.88,1,7.9,0,2.8,0.4797768479776848,0
1489,2.43,18.2,4,6.9,0,18.5,7.489711934156378,3
1490,5.15,3.51,1,7.8,1,10.0,0.6815533980582523,2
1491,9.69,11.66,2,6.4,1,18.5,1.203302373581011,3
1492,16.84,6.73,1,7.8,0,16.0,0.3996437054631829,3
1493,17.02,5.79,4,6.6,1,23.0,0.3401880141010576,4
1494,13.05,12.51,1,7.0,0,23.7,0.9586206896551724,4
1495,15.29,14.92,3,6.1,0,10.7,0.9758011772400262,2
1496,4.34,14.18,3,7.4,0,23.2,3.267281105990784,4
1497,9.99,2.01,2,6.2,1,24.4,0.2012012012012011,4
1498,19.16,6.42,2,7.9,1,20.9,0.3350730688935281,4
1499,1.29,8.73,2,7.6,0,19.0,6.767441860465117,3
1500,14.7,17.18,3,6.7,1,18.8,1.1687074829931974,3
1501,12.22,4.93,0,6.2,1,15.9,0.4034369885433714,3
1502,17.12,6.98,2,6.7,1,4.4,0.4077102803738318,0
1503,19.41,7.79,0,6.8,0,11.2,0.4013395157135497,2
1504,2.53,3.24,2,6.9,0,13.9,1.2806324110671938,2
1505,2.47,4.24,4,7.9,1,4.2,1.7165991902834008,0
1506,3.82,10.45,0,6.7,1,8.0,2.735602094240837,1
1507,3.29,6.95,4,6.4,1,10.0,2.112462006079028,2
1508,7.83,9.56,0,7.4,1,11.2,1.2209450830140487,2
1509,7.14,14.03,3,7.9,1,9.1,1.964985994397759,1
1510,10.49,8.61,3,7.9,1,9.0,0.8207816968541467,1
1511,8.43,4.1,1,7.6,1,16.5,0.4863582443653618,3
1512,19.84,12.46,1,7.6,0,19.2,0.6280241935483871,3
1513,3.85,15.74,0,7.9,0,4.4,4.088311688311689,0
1514,5.68,4.81,4,7.0,0,13.4,0.8468309859154929,2
1515,12.75,4.68,3,7.7,0,18.2,0.3670588235294117,3
1516,10.74,16.88,4,7.3,1,5.7,1.5716945996275604,1
1517,15.79,14.7,1,7.5,0,10.4,0.9309689677010766,2
1518,2.74,15.56,2,6.9,1,1.7,5.678832116788321,0
1519,14.74,8.47,1,7.8,1,4.8,0.5746268656716418,0
1520,12.18,2.99,2,6.6,0,24.8,0.2454844006568144,4
1521,16.44,5.51,4,7.3,1,1.3,0.3351581508515814,0
1522,18.43,13.6,0,8.0,0,7.6,0.737927292457949,1
1523,19.19,12.2,4,7.3,0,10.2,0.6357477853048462,2
1524,17.73,10.02,3,6.7,1,21.1,0.5651438240270727,4
1525,8.41,6.9,0,6.4,1,19.0,0.8204518430439953,3
1526,19.93,11.97,1,6.1,1,23.9,0.6006021073758154,4
1527,5.51,17.87,2,7.8,1,15.1,3.243194192377496,3
1528,9.68,18.88,3,6.5,1,24.4,1.950413223140496,4
1529,18.6,11.08,3,6.4,0,20.1,0.5956989247311828,4
1530,4.21,10.17,4,6.9,0,7.1,2.4156769596199523,1
1531,18.01,9.58,1,6.1,0,14.3,0.5319267073847862,2
1532,12.23,13.77,0,7.6,1,5.2,1.125919869174162,1
1533,15.01,11.97,3,7.8,0,4.8,0.7974683544303798,0
1534,12.7,6.41,1,7.3,1,24.6,0.5047244094488189,4
1535,7.49,4.4,3,7.4,0,2.2,0.5874499332443258,0
1536,6.34,9.36,1,6.2,0,1.6,1.476340694006309,0
1537,19.34,10.01,2,7.6,0,11.4,0.5175801447776629,2
1538,7.83,11.58,3,6.1,1,4.3,1.478927203065134,0
1539,9.13,14.98,4,7.9,1,8.4,1.6407447973713034,1
1540,8.88,2.57,1,7.7,1,17.8,0.2894144144144143,3
1541,12.3,14.92,3,7.4,1,13.1,1.2130081300813007,2
1542,7.9,13.39,4,6.2,0,9.6,1.6949367088607594,1
1543,15.73,13.5,0,6.6,1,12.3,0.8582326764144945,2
1544,15.54,16.28,1,6.0,0,12.0,1.0476190476190477,2
1545,6.76,16.36,1,7.1,0,18.5,2.4201183431952664,3
1546,8.37,17.08,2,7.5,1,19.2,2.040621266427718,3
1547,16.35,6.67,2,7.6,1,27.4,0.4079510703363914,4
1548,19.52,13.46,3,7.2,1,17.2,0.6895491803278689,3
1549,18.98,4.18,4,7.1,0,11.6,0.2202318229715489,2
1550,5.79,11.22,2,6.4,0,22.1,1.9378238341968912,4
1551,10.15,16.5,3,7.1,0,17.3,1.625615763546798,3
1552,8.85,10.88,2,6.5,1,11.4,1.2293785310734464,2
1553,17.62,11.5,2,6.4,1,26.9,0.6526674233825198,4
1554,6.55,2.74,1,7.2,0,9.5,0.4183206106870229,1
1555,19.47,5.94,2,6.7,0,19.4,0.3050847457627119,3
1556,3.3,10.33,4,6.2,0,6.2,3.1303030303030304,1
1557,19.95,8.53,4,7.1,1,5.8,0.4275689223057644,1
1558,16.26,14.13,2,7.4,0,9.4,0.8690036900369004,1
1559,13.78,4.96,1,6.7,1,4.6,0.3599419448476052,0
1560,8.53,12.67,2,6.2,1,5.7,1.485345838218054,1
1561,17.39,8.11,2,6.1,0,19.8,0.4663599769982748,3
1562,16.66,10.22,2,7.9,0,9.0,0.6134453781512605,1
1563,8.09,9.69,3,7.6,1,20.8,1.1977750309023485,4
1564,19.07,13.25,4,6.3,0,10.6,0.6948085998951232,2
1565,14.12,9.61,2,7.6,0,4.6,0.6805949008498584,0
1566,13.26,3.16,0,6.7,1,1.9,0.2383107088989442,0
1567,18.63,5.84,2,7.4,0,3.1,0.3134728931830381,0
1568,8.07,14.48,1,7.2,0,28.0,1.7942998760842628,4
1569,10.56,9.15,4,7.8,1,18.3,0.8664772727272727,3
1570,3.54,11.56,2,6.3,1,27.1,3.265536723163842,4
1571,16.75,14.84,4,6.3,1,21.7,0.8859701492537313,4
1572,7.46,18.18,4,6.1,0,18.7,2.4369973190348526,3
1573,9.68,4.68,0,6.4,0,15.6,0.4834710743801653,3
1574,19.96,15.42,1,7.6,1,18.2,0.7725450901803607,3
1575,7.68,11.46,3,7.9,0,19.9,1.4921875000000002,3
1576,3.25,8.61,2,6.2,1,26.1,2.649230769230769,4
1577,13.55,15.38,3,6.5,1,4.2,1.1350553505535057,0
1578,5.8,2.09,1,6.5,1,17.9,0.3603448275862069,3
1579,4.52,2.72,2,6.4,1,4.5,0.6017699115044248,0
1580,12.85,4.15,1,7.1,1,2.1,0.3229571984435798,0
1581,14.92,5.67,2,7.0,1,25.7,0.3800268096514745,4
1582,14.98,11.82,2,7.7,1,12.2,0.7890520694259012,2
1583,9.13,12.76,2,7.8,1,7.9,1.397590361445783,1
1584,15.01,17.89,2,7.1,0,23.0,1.1918720852764824,4
1585,11.55,7.0,3,7.0,0,16.8,0.6060606060606061,3
1586,5.73,8.52,3,7.9,1,3.1,1.4869109947643977,0
1587,4.26,10.91,3,6.2,0,11.6,2.561032863849765,2
1588,1.4,14.04,3,7.7,0,16.0,10.028571428571428,3
1589,12.5,16.06,3,6.6,1,20.1,1.2848,4
1590,3.84,18.32,2,7.5,1,20.2,4.770833333333334,4
1591,18.72,2.23,3,6.9,1,13.8,0.1191239316239316,2
1592,16.8,5.63,4,7.2,0,10.9,0.3351190476190476,2
1593,17.73,7.52,0,7.2,1,13.0,0.4241398759165256,2
1594,3.46,13.48,3,6.1,1,3.2,3.895953757225434,0
1595,6.74,5.39,4,6.9,0,22.2,0.7997032640949554,4
1596,3.61,13.63,2,7.8,0,1.2,3.775623268698061,0
1597,18.88,2.19,3,6.4,0,12.4,0.1159957627118644,2
1598,17.92,12.9,2,6.3,1,7.0,0.7198660714285714,1
1599,3.68,5.0,3,6.4,1,13.2,1.358695652173913,2
1600,9.24,16.95,3,8.0,1,10.9,1.8344155844155845,2
1601,12.25,10.3,2,6.3,0,27.0,0.8408163265306123,4
1602,9.63,17.91,4,6.9,0,18.4,1.8598130841121492,3
1603,16.57,4.55,1,6.3,1,5.8,0.2745926372963186,1
1604,17.25,18.47,0,7.0,0,1.7,1.0707246376811594,0
1605,10.02,11.07,1,6.7,1,14.2,1.1047904191616766,2
1606,3.3,13.34,3,7.6,1,9.7,4.042424242424243,1
1607,1.26,16.32,3,6.4,0,12.9,12.952380952380953,2
1608,9.29,13.48,0,6.9,1,17.5,1.451022604951561,3
1609,9.0,6.21,0,7.0,1,5.3,0.69,1
1610,7.71,7.51,2,7.6,0,23.4,0.974059662775616,4
1611,8.98,2.82,1,7.8,1,17.4,0.3140311804008908,3
1612,8.85,8.08,0,7.4,1,14.8,0.912994350282486,2
1613,16.11,15.89,1,6.6,1,6.0,0.9863438857852268,1
1614,7.04,4.38,2,7.6,1,5.8,0.6221590909090909,1
1615,3.57,4.96,4,6.9,1,5.0,1.3893557422969187,1
1616,7.38,16.61,0,6.8,0,11.9,2.250677506775068,2
1617,1.81,2.24,2,7.1,1,4.4,1.2375690607734808,0
1618,13.7,2.59,2,6.4,0,15.9,0.1890510948905109,3
1619,10.71,18.02,3,7.9,1,13.9,1.6825396825396823,2
1620,14.85,11.21,1,6.7,1,22.4,0.7548821548821549,4
1621,5.82,7.74,0,7.8,0,18.1,1.3298969072164948,3
1622,5.37,16.09,4,8.0,1,26.0,2.996275605214153,4
1623,3.43,14.24,0,7.8,0,25.8,4.151603498542274,4
1624,10.51,17.43,2,6.4,0,9.3,1.6584205518553758,1
1625,6.45,7.31,2,6.7,1,26.8,1.1333333333333333,4
1626,9.2,4.6,1,7.7,0,4.5,0.5,0
1627,14.7,7.71,2,6.5,0,24.8,0.5244897959183674,4
1628,5.95,18.3,4,7.8,0,4.7,3.0756302521008405,0
1629,2.23,7.84,0,7.4,0,5.1,3.515695067264574,1
1630,4.39,7.44,1,7.0,1,16.9,1.6947608200455584,3
1631,13.96,13.8,0,7.5,0,25.8,0.988538681948424,4
1632,13.29,13.4,0,6.4,1,1.5,1.0082768999247556,0
1633,10.88,14.12,3,6.8,0,14.3,1.2977941176470589,2
1634,5.94,5.43,4,7.7,1,21.6,0.914141414141414,4
1635,14.73,11.86,2,6.3,1,7.8,0.8051595383570943,1
1636,13.18,6.84,3,6.9,0,1.4,0.5189681335356601,0
1637,17.19,15.88,0,7.1,1,9.8,0.9237929028504944,1
1638,2.96,4.1,2,7.2,0,1.1,1.385135135135135,0
1639,12.34,9.53,2,7.4,0,26.3,0.7722852512155591,4
1640,19.67,16.93,0,6.3,1,4.4,0.860701576004067,0
1641,3.01,15.65,4,7.4,1,22.7,5.199335548172758,4
1642,10.94,9.83,0,6.4,1,18.9,0.8985374771480805,3
1643,12.59,9.25,0,6.0,0,14.8,0.7347100873709294,2
1644,19.58,2.21,0,7.1,0,21.3,0.1128702757916241,4
1645,5.91,8.75,0,7.3,0,19.0,1.4805414551607443,3
1646,5.36,5.53,4,7.2,0,8.0,1.0317164179104477,1
1647,8.21,5.21,2,7.3,1,12.0,0.6345919610231424,2
1648,16.65,18.4,4,6.3,0,16.9,1.105105105105105,3
1649,1.48,8.2,2,7.4,1,1.4,5.54054054054054,0
1650,2.58,8.99,2,7.5,0,27.1,3.484496124031008,4
1651,4.76,3.2,2,6.2,0,7.1,0.6722689075630253,1
1652,1.62,2.96,1,7.1,0,5.2,1.8271604938271604,1
1653,11.91,10.44,1,7.8,1,12.4,0.8765743073047858,2
1654,12.51,5.02,2,6.6,1,26.0,0.4012789768185451,4
1655,14.45,16.84,2,6.7,0,18.6,1.1653979238754326,3
1656,9.8,18.04,0,6.4,0,9.5,1.840816326530612,1
1657,2.49,5.3,2,6.1,1,19.5,2.1285140562248994,3
1658,3.01,3.31,0,7.1,1,13.8,1.0996677740863787,2
1659,16.06,9.17,0,6.2,0,11.1,0.5709838107098382,2
1660,9.4,8.04,4,6.3,1,6.2,0.8553191489361701,1
1661,19.56,5.84,4,6.2,1,14.7,0.2985685071574642,2
1662,1.13,18.36,1,6.7,1,5.0,16.24778761061947,1
1663,5.86,3.5,3,7.2,1,5.3,0.5972696245733788,1
1664,14.27,12.72,1,6.5,0,26.6,0.8913805185704275,4
1665,3.37,7.7,3,7.5,1,13.4,2.28486646884273,2
1666,9.43,11.55,1,7.6,0,17.1,1.224814422057264,3
1667,7.31,11.68,3,7.1,1,25.9,1.59781121751026,4
1668,2.0,10.99,2,6.3,0,17.9,5.495,3
1669,19.19,5.95,2,7.6,1,13.0,0.3100573215216258,2
1670,15.82,5.93,4,6.5,1,14.3,0.3748419721871049,2
1671,3.63,9.87,2,6.9,0,7.4,2.71900826446281,1
1672,4.02,15.01,0,6.2,0,19.8,3.733830845771144,3
1673,14.99,9.79,1,6.8,1,20.1,0.6531020680453635,4
1674,5.12,5.34,0,7.6,1,16.0,1.04296875,3
1675,5.4,15.4,1,6.2,0,23.3,2.851851851851852,4
1676,1.97,4.62,3,7.5,1,5.1,2.3451776649746194,1
1677,3.2,11.56,3,7.6,1,14.6,3.6125,2
1678,19.64,7.99,3,7.7,0,26.5,0.4068228105906313,4
1679,13.02,13.74,3,7.3,0,26.2,1.055299539170507,4
1680,19.91,18.81,2,7.7,1,12.8,0.9447513812154696,2
1681,9.19,13.63,3,7.9,0,27.5,1.483133841131665,4
1682,8.05,4.84,3,6.2,0,17.1,0.6012422360248446,3
1683,1.33,13.43,3,7.2,0,27.2,10.097744360902254,4
1684,3.81,8.55,0,7.5,1,27.5,2.2440944881889764,4
1685,3.02,2.12,1,6.7,0,2.2,0.7019867549668874,0
1686,17.61,8.55,4,6.7,0,3.9,0.485519591141397,0
1687,14.61,14.42,3,7.7,1,13.0,0.9869952087611226,2
1688,12.27,5.25,4,7.0,0,2.8,0.4278728606356968,0
1689,6.14,6.21,0,7.1,0,8.3,1.011400651465798,1
1690,2.57,11.96,3,6.8,0,23.5,4.653696498054475,4
1691,6.85,18.64,3,7.6,1,2.5,2.7211678832116792,0
1692,8.05,2.42,3,6.5,0,4.6,0.3006211180124223,0
1693,8.3,9.93,0,6.0,0,8.3,1.1963855421686749,1
1694,1.13,18.72,0,7.4,0,15.2,16.56637168141593,3
1695,13.24,18.65,3,8.0,0,24.2,1.408610271903323,4
1696,12.98,10.63,2,6.8,1,16.9,0.8189522342064716,3
1697,14.89,18.22,1,6.2,1,10.6,1.223640026863667,2
1698,15.93,5.15,0,7.8,1,6.8,0.3232893910860013,1
1699,13.72,2.75,3,6.3,0,25.5,0.2004373177842565,4
1700,15.98,8.65,2,8.0,1,4.0,0.5413016270337923,0
1701,15.75,7.95,0,7.6,1,21.9,0.5047619047619047,4
1702,13.18,8.7,3,6.4,1,18.1,0.6600910470409711,3
1703,2.02,4.55,1,7.8,0,27.2,2.2524752475247523,4
1704,12.18,9.72,4,7.7,0,27.7,0.7980295566502463,4
1705,9.15,18.13,4,6.5,1,15.6,1.981420765027322,3
1706,13.86,15.37,0,6.6,0,18.1,1.108946608946609,3
1707,12.25,2.33,3,7.9,0,25.0,0.190204081632653,4
1708,16.46,16.35,1,6.7,0,13.0,0.9933171324422844,2
1709,9.63,14.36,2,7.9,1,19.3,1.4911734164070611,3
1710,14.39,4.82,2,7.7,0,10.7,0.334954829742877,2
1711,18.58,10.7,4,7.7,0,5.0,0.5758880516684607,1
1712,15.03,5.47,0,6.8,0,8.1,0.3639387890884897,1
1713,6.32,11.91,1,6.3,1,8.9,1.884493670886076,1
1714,4.68,10.17,1,6.2,0,13.6,2.173076923076924,2
1715,6.65,5.9,3,7.7,1,19.9,0.8872180451127819,3
1716,14.83,14.41,1,7.5,1,1.6,0.9716790289952798,0
1717,8.28,17.33,0,6.9,0,13.2,2.0929951690821254,2
1718,6.96,13.05,4,7.0,1,19.5,1.875,3
1719,19.62,14.34,3,7.0,1,20.8,0.7308868501529051,4
1720,12.75,17.86,3,6.6,1,8.2,1.40078431372549,1
1721,3.86,15.1,0,7.5,0,11.3,3.911917098445596,2
1722,5.22,9.21,2,7.7,1,24.0,1.7643678160919545,4
1723,15.18,7.52,3,7.3,1,16.6,0.4953886693017127,3
1724,16.1,2.41,2,7.6,0,24.1,0.1496894409937888,4
1725,19.44,3.14,3,6.9,0,3.0,0.1615226337448559,0
1726,12.63,4.47,1,7.0,1,6.3,0.3539192399049881,1
1727,12.78,8.17,4,7.7,1,18.8,0.6392801251956182,3
1728,9.73,14.84,3,7.2,0,4.2,1.5251798561151078,0
1729,7.63,11.26,2,7.5,1,15.4,1.4757536041939712,3
1730,8.28,2.76,3,6.9,1,16.1,0.3333333333333333,3
1731,3.74,3.38,4,7.0,1,1.7,0.9037433155080212,0
1732,9.17,13.44,1,7.5,0,20.8,1.465648854961832,4
1733,11.07,13.1,3,7.0,1,21.8,1.183378500451671,4
1734,15.01,18.46,1,7.8,0,10.2,1.229846768820786,2
1735,14.52,5.06,1,6.8,1,27.0,0.3484848484848484,4
1736,9.27,15.62,1,6.8,0,24.6,1.685005393743258,4
1737,12.6,5.26,2,6.5,0,6.0,0.4174603174603175,1
1738,7.03,13.34,3,7.0,1,15.9,1.8975817923186344,3
1739,19.89,4.11,2,6.2,0,6.9,0.2066365007541478,1
1740,12.33,5.25,1,6.8,0,24.7,0.4257907542579075,4
1741,17.18,8.48,4,7.7,1,10.3,0.4935972060535507,2
1742,12.54,16.88,2,7.2,1,5.8,1.346092503987241,1
1743,12.74,16.43,3,6.8,1,16.4,1.2896389324960753,3
1744,6.35,7.08,4,7.0,0,4.5,1.11496062992126,0
1745,3.71,16.43,4,6.5,0,5.1,4.428571428571429,1
1746,6.29,2.05,0,7.8,0,21.4,0.3259141494435612,4
1747,12.03,13.07,0,7.5,1,19.8,1.086450540315877,3
1748,16.71,11.38,1,7.3,1,5.7,0.6810293237582287,1
1749,15.72,17.77,4,6.0,1,10.4,1.1304071246819338,2
1750,18.25,17.52,1,7.3,1,12.3,0.96,2
1751,5.8,8.59,3,7.4,0,10.7,1.4810344827586208,2
1752,9.21,16.17,4,6.2,0,22.9,1.7557003257328991,4
1753,11.1,18.92,1,6.4,1,23.6,1.7045045045045046,4
1754,9.94,16.68,4,6.5,1,15.7,1.6780684104627768,3
1755,14.97,10.48,3,7.2,1,26.4,0.700066800267201,4
1756,7.35,4.46,2,7.4,1,4.7,0.6068027210884354,0
1757,7.73,15.65,1,6.9,1,27.2,2.024579560155239,4
1758,19.72,4.22,1,6.8,1,8.0,0.2139959432048681,1
1759,11.72,10.55,3,8.0,0,5.0,0.9001706484641638,1
1760,12.14,10.11,4,6.9,1,19.4,0.8327841845140032,3
1761,19.14,17.0,2,6.6,0,15.9,0.8881922675026123,3
1762,2.9,3.35,0,7.5,1,20.6,1.1551724137931034,4
1763,18.26,13.96,0,7.3,0,20.5,0.764512595837897,4
1764,11.05,12.28,1,7.2,1,27.1,1.11131221719457,4
1765,4.91,12.78,2,7.8,0,13.0,2.6028513238289204,2
1766,7.1,3.22,3,6.5,0,17.7,0.4535211267605634,3
1767,4.7,12.46,3,7.3,0,24.8,2.651063829787234,4
1768,9.16,14.7,4,7.6,0,20.9,1.6048034934497817,4
1769,17.46,13.86,0,7.4,1,14.3,0.7938144329896907,2
1770,11.55,3.96,2,7.5,0,24.7,0.3428571428571428,4
1771,8.8,5.63,3,7.9,1,2.7,0.6397727272727272,0
1772,15.88,14.81,3,7.9,0,9.9,0.9326196473551636,1
1773,15.74,17.34,1,7.3,1,15.3,1.1016518424396442,3
1774,15.41,7.69,3,6.6,1,8.4,0.4990266060999351,1
1775,13.16,16.25,3,8.0,0,7.7,1.2348024316109425,1
1776,9.7,15.72,3,7.2,0,18.6,1.6206185567010312,3
1777,9.24,17.6,4,7.9,0,27.4,1.9047619047619049,4
1778,11.86,3.91,4,6.3,0,1.7,0.3296795952782462,0
1779,14.5,9.16,4,6.2,0,6.9,0.6317241379310345,1
1780,8.87,13.5,1,6.2,0,13.1,1.5219842164599775,2
1781,13.64,3.1,2,6.4,0,3.0,0.2272727272727272,0
1782,15.88,14.61,3,6.2,0,19.3,0.9200251889168763,3
1783,10.26,12.32,1,7.9,0,4.3,1.2007797270955167,0
1784,9.09,10.07,4,6.8,1,20.0,1.107810781078108,4
1785,12.13,16.16,1,7.6,0,26.8,1.3322341302555647,4
1786,17.54,4.81,3,7.5,0,21.0,0.274230330672748,4
1787,1.18,5.38,1,6.6,0,17.6,4.559322033898305,3
1788,1.65,4.14,0,6.7,1,27.0,2.509090909090909,4
1789,18.91,2.28,3,6.2,1,2.2,0.1205711263881544,0
1790,15.41,12.02,4,7.8,0,15.8,0.7800129785853341,3
1791,12.93,14.81,1,7.9,1,13.0,1.145398298530549,2
1792,17.43,18.6,2,6.7,0,14.8,1.0671256454388989,2
1793,2.95,18.17,4,7.1,0,22.7,6.159322033898305,4
1794,10.35,4.25,0,6.8,1,4.9,0.4106280193236715,0
1795,4.21,15.73,0,6.6,1,25.8,3.7363420427553447,4
1796,10.93,7.0,3,7.3,1,7.7,0.6404391582799634,1
1797,12.6,5.87,4,7.1,1,7.9,0.4658730158730159,1
1798,10.0,3.58,3,7.3,1,7.6,0.358,1
1799,14.49,13.82,4,6.8,1,15.1,0.95376121463078,3
1800,17.02,4.02,3,6.2,0,2.3,0.236192714453584,0
1801,13.12,13.03,2,7.5,0,18.3,0.993140243902439,3
1802,15.29,7.91,4,6.4,1,26.2,0.5173315892740353,4
1803,17.72,12.59,2,6.3,1,18.9,0.7104966139954854,3
1804,12.22,17.52,3,7.3,1,1.3,1.4337152209492634,0
1805,1.48,3.54,1,6.1,1,22.2,2.391891891891892,4
1806,14.92,15.04,3,7.1,1,26.1,1.0080428954423593,4
1807,5.75,4.99,3,6.1,1,22.8,0.8678260869565217,4
1808,2.32,7.55,1,7.6,1,14.0,3.2543103448275863,2
1809,14.74,15.99,4,7.7,1,21.7,1.0848032564450474,4
1810,9.48,5.89,0,6.1,0,27.7,0.621308016877637,4
1811,8.09,4.31,4,7.0,1,6.1,0.5327564894932014,1
1812,5.03,13.5,4,7.8,0,17.2,2.68389662027833,3
1813,5.0,8.6,0,7.6,1,14.4,1.72,2
1814,13.86,4.28,3,7.4,1,22.0,0.3088023088023088,4
1815,7.56,10.65,1,6.9,1,1.7,1.4087301587301588,0
1816,10.78,3.17,0,7.1,0,18.2,0.2940630797773655,3
1817,16.01,13.54,1,7.0,1,22.7,0.8457214241099311,4
1818,10.22,11.66,0,7.8,1,17.7,1.1409001956947162,3
1819,12.71,11.92,2,7.9,1,1.8,0.9378442171518488,0
1820,8.39,9.13,4,7.7,1,5.4,1.0882002383790226,1
1821,1.61,8.93,4,7.7,1,5.5,5.546583850931676,1
1822,1.28,5.02,2,7.9,1,14.1,3.921875,2
1823,6.44,17.86,2,7.7,0,11.9,2.773291925465838,2
1824,15.57,6.22,3,7.1,0,27.2,0.3994861913937058,4
1825,2.76,8.38,2,6.3,0,21.7,3.036231884057972,4
1826,18.73,4.59,3,7.1,0,25.9,0.2450613988254137,4
1827,1.71,16.09,4,7.1,0,16.1,9.4093567251462,3
1828,8.17,8.7,2,6.6,1,1.2,1.0648714810281517,0
1829,18.6,13.74,3,6.8,0,3.2,0.7387096774193548,0
1830,3.76,13.49,1,7.6,0,5.0,3.5877659574468086,1
1831,19.82,18.34,4,7.5,0,18.5,0.9253279515640768,3
1832,13.14,9.47,4,6.4,1,19.1,0.7207001522070016,3
1833,12.61,14.41,3,6.6,1,19.6,1.1427438540840604,3
1834,2.49,14.36,2,6.9,1,20.7,5.767068273092368,4
1835,8.89,9.0,0,7.7,0,18.9,1.012373453318335,3
1836,17.46,17.95,0,7.8,1,1.5,1.0280641466208476,0
1837,3.29,10.91,2,7.6,1,7.3,3.316109422492401,1
1838,14.89,10.13,2,7.0,0,4.0,0.6803223640026864,0
1839,7.63,6.8,1,6.6,1,12.3,0.891218872870249,2
1840,2.2,4.27,1,6.6,1,17.6,1.9409090909090905,3
1841,11.8,11.05,0,6.6,1,22.4,0.9364406779661018,4
1842,7.26,17.96,4,7.5,1,20.9,2.4738292011019287,4
1843,3.05,10.58,0,7.1,0,1.3,3.468852459016394,0
1844,12.86,18.55,3,7.2,1,24.8,1.4424572317262832,4
1845,1.9,8.53,1,6.5,0,15.7,4.489473684210526,3
1846,5.43,8.1,2,6.5,0,23.9,1.4917127071823204,4
1847,17.28,7.08,2,7.5,0,8.9,0.4097222222222222,1
1848,9.74,12.9,0,7.8,0,12.8,1.324435318275154,2
1849,17.08,7.88,1,7.4,1,11.4,0.4613583138173302,2
1850,17.47,15.83,4,6.2,0,17.9,0.906124785346308,3
1851,18.75,13.03,2,7.6,1,13.1,0.6949333333333333,2
1852,18.04,6.18,3,6.7,1,11.2,0.3425720620842572,2
1853,18.72,10.13,3,6.5,1,21.6,0.5411324786324787,4
1854,13.77,14.49,2,6.1,1,3.5,1.0522875816993464,0
1855,5.65,10.14,4,7.6,1,17.9,1.7946902654867256,3
1856,18.56,11.39,3,7.1,1,23.0,0.6136853448275863,4
1857,11.18,10.55,0,7.7,1,17.5,0.9436493738819322,3
1858,10.05,15.47,1,6.7,1,13.7,1.5393034825870646,2
1859,4.19,17.18,3,7.0,0,14.6,4.100238663484486,2
1860,9.41,14.24,2,7.4,1,16.4,1.5132837407013815,3
1861,5.33,11.82,1,6.9,0,10.7,2.217636022514071,2
1862,16.0,11.19,1,7.3,1,12.0,0.699375,2
1863,14.39,17.59,3,7.3,1,1.8,1.2223766504517024,0
1864,19.72,9.48,2,6.4,0,14.3,0.4807302231237323,2
1865,7.55,10.22,3,6.2,1,24.0,1.3536423841059604,4
1866,12.57,7.85,4,7.5,0,13.4,0.624502784407319,2
1867,13.96,6.43,4,7.7,1,23.5,0.4606017191977077,4
1868,11.15,9.05,1,6.4,1,14.9,0.8116591928251121,2
1869,2.56,4.53,1,7.4,1,21.1,1.76953125,4
1870,15.89,10.29,2,7.9,1,13.3,0.6475770925110131,2
1871,17.31,8.7,0,7.3,0,4.9,0.5025996533795494,0
1872,1.37,10.49,3,7.1,1,19.4,7.656934306569343,3
1873,14.84,14.24,1,7.5,0,20.5,0.9595687331536388,4
1874,17.04,3.92,0,7.1,0,18.2,0.2300469483568075,3
1875,11.71,2.44,4,7.6,1,3.3,0.2083689154568744,0
1876,6.82,17.63,1,7.8,1,23.2,2.585043988269794,4
1877,16.99,2.92,1,7.7,1,3.5,0.1718658034137728,0
1878,10.75,11.77,2,7.2,1,18.6,1.0948837209302325,3
1879,13.67,9.8,1,6.8,1,18.5,0.7168983174835406,3
1880,8.45,5.92,4,7.8,1,2.1,0.7005917159763314,0
1881,4.43,15.87,0,6.0,1,27.7,3.5823927765237022,4
1882,16.98,11.81,3,6.5,0,25.3,0.6955241460541814,4
1883,1.36,9.71,1,7.7,1,10.2,7.139705882352941,2
1884,4.18,9.16,1,6.9,0,2.2,2.191387559808613,0
1885,17.99,10.9,4,6.6,0,18.6,0.6058921623123958,3
1886,14.74,9.9,0,6.1,0,25.4,0.6716417910447762,4
1887,14.05,8.33,4,6.7,1,10.8,0.5928825622775801,2
1888,10.77,10.35,0,6.5,0,12.7,0.9610027855153204,2
1889,7.07,2.37,4,7.0,0,24.5,0.3352192362093352,4
1890,5.11,11.61,4,6.5,0,22.5,2.2720156555772992,4
1891,14.06,16.82,2,6.1,1,17.3,1.1963015647226174,3
1892,7.32,12.89,0,7.3,1,6.2,1.760928961748634,1
1893,14.16,6.22,0,6.3,0,1.6,0.4392655367231638,0
1894,16.03,4.25,0,6.6,0,23.8,0.2651278852152214,4
1895,17.86,17.71,4,7.5,0,4.5,0.9916013437849944,0
1896,5.24,13.84,0,7.3,1,13.8,2.6412213740458013,2
1897,18.22,2.65,3,7.8,1,7.9,0.1454445664105378,1
1898,19.72,17.92,3,7.1,0,11.7,0.9087221095334688,2
1899,18.76,11.59,1,6.2,0,2.5,0.6178038379530916,0
1900,19.28,5.4,3,7.0,1,18.5,0.2800829875518672,3
1901,9.48,6.62,1,6.9,0,17.3,0.6983122362869199,3
1902,12.49,13.99,3,6.1,1,10.8,1.1200960768614892,2
1903,18.42,10.75,2,7.3,0,28.0,0.5836047774158523,4
1904,6.43,16.26,3,6.3,1,21.0,2.528771384136858,4
1905,12.74,14.21,3,6.1,0,25.9,1.1153846153846154,4
1906,5.32,15.59,3,7.4,0,14.6,2.930451127819549,2
1907,4.33,18.13,0,7.8,1,3.4,4.187066974595843,0
1908,2.77,10.1,1,7.3,0,6.4,3.646209386281588,1
1909,4.28,16.39,1,7.3,0,19.3,3.829439252336448,3
1910,16.5,2.29,2,8.0,0,7.1,0.1387878787878788,1
1911,10.51,13.89,0,7.1,0,24.2,1.3215984776403429,4
1912,18.28,9.36,1,6.8,0,8.0,0.512035010940919,1
1913,14.29,18.82,0,6.9,1,1.5,1.317004898530441,0
1914,6.15,16.35,0,6.1,0,20.8,2.658536585365854,4
1915,14.84,14.28,1,7.1,0,12.3,0.9622641509433962,2
1916,9.49,11.55,4,6.6,1,6.8,1.2170706006322445,1
1917,17.12,2.04,2,8.0,1,6.6,0.1191588785046729,1
1918,10.37,11.54,4,6.7,0,21.0,1.1128254580520731,4
1919,19.36,8.52,3,6.4,0,24.7,0.4400826446280991,4
1920,1.82,16.72,2,6.7,0,20.4,9.186813186813186,4
1921,6.56,2.61,2,7.5,0,17.0,0.3978658536585366,3
1922,1.78,7.59,1,6.5,0,12.6,4.264044943820225,2
1923,14.16,4.08,3,7.1,0,11.4,0.288135593220339,2
1924,4.9,7.01,3,6.4,0,12.2,1.430612244897959,2
1925,7.39,18.74,1,6.5,0,18.5,2.5358592692828146,3
1926,3.45,10.71,2,8.0,1,9.2,3.104347826086957,1
1927,2.24,3.16,0,7.9,1,16.2,1.4107142857142856,3
1928,13.64,12.14,1,6.5,0,18.0,0.8900293255131965,3
1929,13.89,15.65,3,6.6,1,8.0,1.1267098632109431,1
1930,17.54,15.8,2,6.6,1,11.2,0.9007981755986316,2
1931,1.07,7.38,0,7.7,0,9.6,6.897196261682242,1
1932,3.54,11.51,4,7.6,1,18.3,3.251412429378531,3
1933,4.95,5.71,0,7.5,1,5.4,1.1535353535353534,1
1934,17.92,11.7,0,7.5,1,11.8,0.6529017857142856,2
1935,15.03,8.39,3,6.4,0,17.2,0.5582168995342649,3
1936,5.53,18.64,1,7.9,1,4.0,3.370705244122965,0
1937,11.92,2.72,0,7.2,0,5.5,0.2281879194630872,1
1938,1.01,2.55,1,6.3,1,13.2,2.5247524752475248,2
1939,11.1,2.23,3,7.3,0,4.0,0.2009009009009009,0
1940,16.56,18.76,0,6.6,0,2.2,1.132850241545894,0
1941,12.51,12.62,0,6.5,0,22.8,1.008792965627498,4
1942,8.68,15.47,2,7.4,1,20.5,1.7822580645161292,4
1943,5.58,2.78,0,6.1,0,9.8,0.4982078853046595,1
1944,6.22,17.91,1,6.8,0,26.3,2.879421221864952,4
1945,9.92,13.73,2,7.4,1,4.0,1.3840725806451613,0
1946,14.65,5.49,1,6.3,0,2.6,0.3747440273037543,0
1947,12.7,17.53,1,7.9,0,12.0,1.3803149606299214,2
1948,3.08,9.35,4,7.6,0,24.5,3.0357142857142856,4
1949,16.91,4.21,2,6.7,0,4.0,0.2489651094027203,0
1950,5.95,10.98,0,6.7,1,17.2,1.8453781512605043,3
1951,4.43,4.58,4,6.3,1,2.9,1.033860045146727,0
1952,19.47,7.03,1,6.4,1,13.6,0.3610683102208526,2
1953,8.31,8.8,0,6.0,1,13.3,1.058965102286402,2
1954,18.96,4.3,2,6.8,0,13.4,0.2267932489451476,2
1955,16.3,6.04,4,6.7,1,12.7,0.3705521472392638,2
1956,2.84,15.96,2,6.6,0,1.3,5.619718309859156,0
1957,12.21,17.69,4,6.1,0,8.9,1.4488124488124487,1
1958,6.04,12.8,2,6.5,0,21.3,2.119205298013245,4
1959,14.2,13.97,2,6.3,0,9.1,0.9838028169014086,1
1960,12.18,13.47,3,6.6,0,21.3,1.1059113300492611,4
1961,7.0,15.02,3,7.2,0,5.6,2.145714285714285,1
1962,14.26,2.28,4,7.4,0,23.0,0.1598877980364656,4
1963,3.13,18.75,4,6.6,0,26.6,5.9904153354632586,4
1964,5.56,13.73,1,6.5,1,9.2,2.469424460431655,1
1965,7.93,9.31,3,7.5,1,1.5,1.1740226986128626,0
1966,16.15,13.47,0,7.6,1,10.4,0.8340557275541797,2
1967,11.56,15.25,2,6.3,0,4.0,1.319204152249135,0
1968,17.87,17.31,2,7.8,0,17.9,0.9686625629546723,3
1969,5.24,6.63,1,6.4,0,7.5,1.265267175572519,1
1970,3.91,10.39,4,7.8,0,7.9,2.657289002557545,1
1971,1.49,18.5,1,6.8,0,13.6,12.416107382550337,2
1972,17.92,2.94,2,7.4,1,16.3,0.1640624999999999,3
1973,17.12,5.18,4,6.5,1,12.2,0.3025700934579439,2
1974,6.18,14.31,3,7.0,1,25.1,2.3155339805825244,4
1975,2.68,6.16,3,6.9,0,2.1,2.298507462686567,0
1976,10.66,3.63,3,6.1,0,19.9,0.3405253283302064,3
1977,18.02,11.33,2,6.8,0,9.9,0.6287458379578247,1
1978,11.36,9.28,4,6.3,1,21.3,0.8169014084507042,4
1979,12.01,13.76,3,7.7,1,5.2,1.1457119067443795,1
1980,1.23,3.45,0,6.3,0,20.5,2.804878048780488,4
1981,16.63,2.57,4,7.1,1,10.1,0.1545399879735418,2
1982,12.15,9.18,4,6.1,1,13.0,0.7555555555555555,2
1983,5.77,9.58,1,6.7,1,8.2,1.660311958405546,1
1984,14.25,14.43,4,8.0,1,11.5,1.0126315789473683,2
1985,14.87,6.92,2,7.5,0,20.7,0.4653665097511769,4
1986,17.39,11.66,2,6.5,0,18.0,0.6705002875215641,3
1987,3.48,14.84,2,6.5,0,15.3,4.264367816091954,3
1988,4.39,9.15,3,6.5,0,21.0,2.0842824601366745,4
1989,3.84,10.51,3,7.6,0,26.4,2.7369791666666665,4
1990,7.61,16.95,0,6.5,1,3.2,2.227332457293035,0
1991,18.32,9.5,2,6.1,0,9.4,0.5185589519650655,1
1992,15.34,17.89,4,7.0,1,17.9,1.166232073011734,3
1993,8.98,7.37,2,6.6,0,19.8,0.8207126948775055,3
1994,11.13,15.85,0,7.1,0,4.9,1.4240790655884994,0
1995,8.6,5.57,2,7.0,1,20.1,0.6476744186046512,4
1996,16.12,6.46,0,8.0,1,6.4,0.4007444168734491,1
1997,7.5,7.07,3,6.3,0,14.0,0.9426666666666668,2
1998,10.52,3.27,4,6.1,0,13.1,0.3108365019011407,2
1999,7.7,15.41,0,7.8,1,15.6,2.001298701298701,3
2000,11.55,11.61,1,7.5,1,13.6,1.005194805194805,2
